{"GHGIntensity":{"count":2549.0,"mean":7.5,"std":5.5,"min":0.3,"max":114.8,"twentyFifthPercentile":5.0,"median":6.4,"seventyFifthPercentile":8.1},"TotalGHGEmissions":{"count":2549.0,"mean":1912.1,"std":4656.8,"min":4.8,"max":135875.8,"twentyFifthPercentile":485.2,"median":885.8,"seventyFifthPercentile":1858.9},"ElectricityUse":{"count":2549.0,"mean":9573668.8000000007,"std":24582595.1999999993,"min":0.0,"max":623023572.6000000238,"twentyFifthPercentile":1808639.8,"median":3796376.7000000002,"seventyFifthPercentile":8744977.5},"NaturalGasUse":{"count":2549.0,"mean":11076092.1999999993,"std":21654400.5,"min":0.0,"max":412348801.5,"twentyFifthPercentile":2913684.2999999998,"median":5818399.5999999996,"seventyFifthPercentile":11964909.1999999993},"SourceEUI":{"count":2549.0,"mean":153.8,"std":114.3,"min":5.9,"max":2440.1,"twentyFifthPercentile":103.3,"median":132.2,"seventyFifthPercentile":166.4},"SiteEUI":{"count":2549.0,"mean":89.0,"std":62.0,"min":3.7,"max":1440.9,"twentyFifthPercentile":59.7,"median":78.4,"seventyFifthPercentile":100.7},"YearBuilt":{"count":2549.0,"mean":1966.4,"std":38.0,"min":1865.0,"max":2021.0,"twentyFifthPercentile":1928.0,"median":1971.0,"seventyFifthPercentile":2002.0},"GrossFloorArea":{"count":2549.0,"mean":280384.4,"std":447416.8,"min":16333.0,"max":9245333.0,"twentyFifthPercentile":80449.5,"median":139707.0,"seventyFifthPercentile":303490.0},"DistrictSteamUse":{"count":2549.0,"mean":620184.1,"std":16730898.9000000004,"min":-11882688.3000000007,"max":804899285.5,"twentyFifthPercentile":0.0,"median":0.0,"seventyFifthPercentile":0.0},"DistrictChilledWaterUse":{"count":2549.0,"mean":384779.2,"std":3356083.1000000001,"min":-1344840.0,"max":60385415.5,"twentyFifthPercentile":0.0,"median":0.0,"seventyFifthPercentile":0.0}}