{"GHGIntensity":{"count":3051.0,"mean":8.3,"min":0.2,"max":555.1,"twentyFifthPercentile":5.2,"median":6.6,"seventyFifthPercentile":8.6},"TotalGHGEmissions":{"count":3052.0,"mean":1906.0,"min":1.5,"max":137220.8,"twentyFifthPercentile":481.8,"median":869.0,"seventyFifthPercentile":1815.5},"ElectricityUse":{"count":3255.0,"mean":8938379.0999999996,"min":0.0,"max":1003962916.3999999762,"twentyFifthPercentile":1552049.0,"median":3368929.6000000001,"seventyFifthPercentile":7905010.2999999998},"NaturalGasUse":{"count":3205.0,"mean":9400114.6999999993,"min":-4774717.7999999998,"max":346816224.6999999881,"twentyFifthPercentile":2444855.2000000002,"median":5018679.0,"seventyFifthPercentile":10118685.0},"SourceEUI":{"count":3080.0,"mean":160.1,"min":0.2,"max":10063.4,"twentyFifthPercentile":100.9,"median":128.9,"seventyFifthPercentile":165.3},"SiteEUI":{"count":3140.0,"mean":92.8,"min":0.2,"max":8332.4,"twentyFifthPercentile":57.9,"median":75.7,"seventyFifthPercentile":98.0},"YearBuilt":{"count":3203.0,"mean":1964.4,"min":1815.0,"max":2020.0,"twentyFifthPercentile":1927.0,"median":1969.0,"seventyFifthPercentile":2000.0},"GrossFloorArea":{"count":3262.0,"mean":254790.6,"min":16333.0,"max":9245333.0,"twentyFifthPercentile":76444.5,"median":124364.0,"seventyFifthPercentile":270280.8},"DistrictSteamUse":{"count":2719.0,"mean":1103111.6000000001,"min":-4346413.4000000004,"max":730978743.7999999523,"twentyFifthPercentile":0.0,"median":0.0,"seventyFifthPercentile":0.0},"DistrictChilledWaterUse":{"count":2703.0,"mean":807715.1,"min":-1343687.2,"max":452189113.6999999881,"twentyFifthPercentile":0.0,"median":0.0,"seventyFifthPercentile":0.0}}