{"GHGIntensity":{"count":2559.0,"mean":8.0,"min":0.3,"max":555.1,"twentyFifthPercentile":5.1,"median":6.5,"seventyFifthPercentile":8.2},"TotalGHGEmissions":{"count":2559.0,"mean":1919.9,"min":23.8,"max":137220.8,"twentyFifthPercentile":478.2,"median":873.9,"seventyFifthPercentile":1849.8},"ElectricityUse":{"count":2695.0,"mean":9346817.0999999996,"min":0.0,"max":1003962916.3999999762,"twentyFifthPercentile":1572215.3,"median":3458379.2999999998,"seventyFifthPercentile":8152448.5999999996},"NaturalGasUse":{"count":2695.0,"mean":9115865.0,"min":-4774717.7999999998,"max":346816224.6999999881,"twentyFifthPercentile":2331506.2000000002,"median":4928420.2000000002,"seventyFifthPercentile":10159457.0},"SourceEUI":{"count":2576.0,"mean":158.1,"min":5.8,"max":10063.4,"twentyFifthPercentile":100.7,"median":127.2,"seventyFifthPercentile":162.4},"SiteEUI":{"count":2576.0,"mean":91.5,"min":2.1,"max":8332.4,"twentyFifthPercentile":57.5,"median":73.7,"seventyFifthPercentile":95.6},"YearBuilt":{"count":2636.0,"mean":1965.3,"min":1865.0,"max":2020.0,"twentyFifthPercentile":1928.0,"median":1970.0,"seventyFifthPercentile":2001.0},"GrossFloorArea":{"count":2695.0,"mean":271764.4,"min":16333.0,"max":9245333.0,"twentyFifthPercentile":77709.5,"median":131000.0,"seventyFifthPercentile":289267.0},"DistrictSteamUse":{"count":2695.0,"mean":809957.7,"min":-4346413.4000000004,"max":730978743.7999999523,"twentyFifthPercentile":0.0,"median":0.0,"seventyFifthPercentile":0.0},"DistrictChilledWaterUse":{"count":2695.0,"mean":790829.9,"min":-1343687.2,"max":452189113.6999999881,"twentyFifthPercentile":0.0,"median":0.0,"seventyFifthPercentile":0.0}}