id,name,address,type
100001,Ascension SMEMC St Elizabeth Campus,1431 North Claremont Ave,Mixed Use Property
100002,Clemente Community Academy HS -CPS,1147 N Western Ave,K-12 School
100019,411 S Wells,411 S Wells Street,Office
100068,Joffco SOuare,555 W Roosevelt,Other - Mall
100148,The Jeffery Cyril Building,7144-48 S Jeffery Blvd,Multifamily Housing
100179,Saint Anthony Hospital - Main Hospital,2875 West 19th Street,Hospital (General Medical & Surgical)
100211,73 East Lake (sl75),73 E Lake St,Multifamily Housing
100252,,10426  S MICHIGAN AVE,Multifamily Housing
100256,Curie HS,4959 S Archer Ave,K-12 School
100317,C5504WAB (22251),5504 S Wabash Ave,Multifamily Housing
100320,"IMDC LAPORTE, LLC",4039 4051 Laporte Ave,Multifamily Housing
100332,Lindblom HS,6130 S Wolcott Ave,K-12 School
100334,,860  N DEWITT PL,Multifamily Housing
100346,2609 West Belmont Avenue,2609 West Belmont Avenue,Multifamily Housing
100372,Holy Cross Hospital,"2701 W 68th St,",Hospital (General Medical & Surgical)
100375,C3600FRA (22112),3600 W Franklin Blvd,Multifamily Housing
100393,"CHICAGO, IL-1542",7601 S Cicero Ave,Retail Store
100395,Richard J. Daley College &  Manufacturing Technology and Engineering Center,7500 South Pulaski Ave,College/University
100396,St. Rita of Cascia High School,7740 South Western Avenue,K-12 School
100397,William J Bogan High School,3939 W 79th St,K-12 School
100417,Marist High School,4200 W. 115th Street,K-12 School
100418,Morgan Park HS,1744 W Pryor Ave,K-12 School
100429,The John Hancock Center,875 N Michigan Ave,Mixed Use Property
100431,1100 N. Clark St.,1100 N. CLARK ST,Automobile Dealership
100433,Ascension SMEMC St Mary Campus.,2233 West Division St,Hospital (General Medical & Surgical)
100438,Palmolive Building Condominium Association,913 921 N Michigan Ave.,Multifamily Housing
100447,211 E. Chicago Ave.,211 E. Chicago Ave.,Office
100448,Hilton Chicago MM Suites,198 East Delaware Place,Hotel
100470,Lawson Partners,30 W Chicago,Multifamily Housing
100485,"1900 W. Farwell, LLC",1900 1910 W. Farwell Ave.,Multifamily Housing
100533,Urban Prep - Englewood HS,6201 S Stewart Avenue,K-12 School
100572,Perspectives Charter Schools - Auburn Gresham Campus,8131 S May Street,K-12 School
100598,Farragut Career Academy HS -CPS,2345 S Christiana Ave,K-12 School
100631,Hubbard HS,6200 S Hamlin Ave,K-12 School
100637,Addison Towers,510-534 Addison,Multifamily Housing
100674,,3301 W Arthington St,Multifamily Housing
100729,801 S Canal St,801 S Canal St,Office
100730,Congress Center,525 W. Van Buren,Office
100851,600 West Chicago & 900 N Kingsbury,600 West Chicago Avenue,Office
100856,United Center,1901 W Madison St,Indoor Arena
100858,Juvenile Courthouse,2245 W. Ogden Ave.,Courthouse
100867,Rush University Medical Center,1653 W Congress Pkwy,Hospital (General Medical & Surgical)
100946,New Englewood Terrace Apartments,6425 S Lowe,Multifamily Housing
100947,C7131YAT (22222),7131 S Yates Blvd,Multifamily Housing
101013,The Damen Jarvis,7320-30 N Damen Ave,Multifamily Housing
101030,Oakwood Shores Sr,3750 S Cottage Grove,Multifamily Housing
101032,Parkview Towers Apartments,5110 S King Dr,Multifamily Housing
101038,FBI Chicago Field Office,2111 W. Roosevelt Rd.,Office
101039,Marshall Metro HS -CPS,3250 W Adams St,K-12 School
101043,Manley Career Academy HS -CPS,2935 W Polk St,K-12 School
101090,Spring Grove Apartments,4554 S Drexel Blvd,Multifamily Housing
101179,Shriners Hospital for Children-Chicago,2211 N. Oak Park Ave.,Hospital (General Medical & Surgical)
101181,Austin 1900 Building,1900 n. Austin,Distribution Center
101185,Digital Lakeside,350 E Cermak,Data Center
101199,DuSable Campus -CPS,4934 S Wabash Ave,K-12 School
101217,850 Eastwood,850 West Eastwood Avenue,Multifamily Housing
101226,Montclare Senior Residences of Avalon Park Phase I,1200 E. 78th Street,Multifamily Housing
101283,Chicago-Central,4058 W Melrose St,Other - Specialty Hospital
101343,The Resurrection Project - Casa Morelos,2015 S Morgan St,Multifamily Housing
101356,DePaul College Prep,3633 N. California,K-12 School
101363,1101 E Hyde Park,1101 E Hyde Park Boulevard,Multifamily Housing
101368,Addison Mall LLC,2901-2949 W. Addison Avenue,Strip Mall
101396,,4640 N SHERIDAN RD,Multifamily Housing
101407,CA 23,15 23 N ABERDEEN ST,Multifamily Housing
101409,238-Senior Suites of Kelvyn Park,2715 N. Cicero,Senior Living Community
101420,Chicago Academy HS / ES,3400 N Austin Ave,K-12 School
101448,,1401  W ROOSEVELT RD,Multifamily Housing
101471,Brompton,701-15 West Brompton,Multifamily Housing
101492,Wright College,4300 North Narragansett,College/University
101507,5148 N Kedzie Ave,5148 N Kedzie Ave,College/University
101508,Northeastern Illinois University,5500 N. Saint Louis Avenue,College/University
101519,239-Senior Suites of MarOuette Village,7430 S. Rockwell,Senior Living Community
101527,Sankofa House,4041 W Roosevelt Rd,Multifamily Housing
101537,4532 - 42 S. Drexel,4532 - 42 S. Drexel Blvd.,Multifamily Housing
101545,Reside at 849,849 West Buena Avenue,Multifamily Housing
101547,Mercy Chicago - Hospital,2525 S Michigan Ave,Hospital (General Medical & Surgical)
101549,Chicago Board Options Exchange,400 S LaSalle St,Financial Office
101551,METROPOLITIAN PIER AND EXPOSITION AUTHORITY,301 East Cermak Road,Convention Center
101557,Atlas 2 E 8th St,2 E 8th St,Multifamily Housing
101559,IL0303ZZ-METCALFE FED BLDG,77 W Jackson,Office
101560,IL0054ZZ - CLARK FEDERAL BLDG,536 S Clark Street,Office
101562,DePaul Center,1 East Jackson Blvd.,College/University
101567,The Monadnock Building,53 West Jackson Blvd,Office
101569,Robert Morris Center,401 S. State St.,Adult Education
101572,King HS,4445 S Drexel Blvd,K-12 School
101579,"First Praire Shores, LLC",2901 S King Drive,Multifamily Housing
101592,5452 S Ellis,5452-5466 S. Ellis Ave,Multifamily Housing
101593,5034 S Woodlawn Ave,5034-5040 S Woodlawn Ave,Multifamily Housing
101643,G&A Senior Residence at Ravenswood,1818 W Peterson #900,Multifamily Housing
101657,TLC Touhy LLC,1329 1337 W TOUHY AVE,Multifamily Housing
101674,Presidents Plaza 2,8700 West Bryn Mawr Ave,Office
101676,O'Hare Plaza I,8725- 8745 W Higgins Rd,Office
101679,Presidents Plaza 1,8600 West Bryn Mawr Ave,Office
101681,Ascension Resurrection Medical Center Campus.,7435 West Talcott Avenue,Hospital (General Medical & Surgical)
101682,Triangle Plaza,8750-8770 West Bryn Mawr Ave,Office
101686,Harlem-Foster Shopping Center,7240 West Foster Avenue,Strip Mall
101691,Mildred Court Condominium Association,2701 N Mildred Ave,Multifamily Housing
101703,AlgonOuin #2,1606 E. 50th Street,Multifamily Housing
101705,AlgonOuin #4,1607 E. 50th Street,Multifamily Housing
101707,111 East Wacker Drive,111 East Wacker Drive,Office
101708,233 North Michigan Avenue,233 North Michigan Avenue,Office
101709,20 North Wacker Drive,20 North Wacker Drive,Office
101710,AlgonOuin #1,1605 E. 50th Street,Multifamily Housing
101713,Aon Center,200 E. Randolph Street,Office
101715,The Franklin (227 West Monroe; 222 West Adams),227 West Monroe,Office
101716,311 S. Wacker,311 South Wacker,Office
101717,55 East Monroe Office,55 East Monroe Street,Office
101718,70 W Madison,70 W. Madison St,Office
101720,131 S Dearborn 3,131 S Dearborn,Financial Office
101722,500 West Monroe,500 West Monroe,Office
101724,Tribune Tower (435 N Michigan Avenue),435 N Michigan Avenue,Multifamily Housing
101727,Accenture Tower,500 West Madison Street,Office
101729,540 West Madison,540 W. Madison,Financial Office
101731,175 W. Jackson,175 W. Jackson,Office
101733,Two North Riverside Plaza,2 North Riverside Plaza,Office
101735,71215A State St,101 N State St E,Retail Store
101736,71 South Wacker,71 S. Wacker Drive,Office
101737,100 North Riverside Plaza,100 N Riverside Plaza,Office
101738,300 E Randolph,300 E Randolph,Office
101739,One South Dearborn,1 South Dearborn,Office
101742,Thompson Center,100 W Randolph St,Office
101744,One North Wacker,One North Wacker Drive,Office
101745,161 North Clark,161 North Clark,Office
101748,One South Wacker,1 S. Wacker,Office
101751,,7500  S SOUTH SHORE DR,Multifamily Housing
101753,222 South Riverside,222 South Riverside Plaza,Office
101755,Harris Bank Building,115 S LaSalle St,Office
101756,Cook County Building,118 N. Clark St.,Office
101757,IL0000FC-CHICAGO FEDERAL CTR,219 S Dearborn,Mixed Use Property
101760,Leo Burnett Building,35 W. Wacker Dr.,Office
101762,RICHARD J. DALEY CENTER,50 W. Washington,Courthouse
101765,77 West Wacker Drive,77 W. Wacker Drive,Office
101766,181 West Madison,181 W Madison Street,Office
101770,10/30 South Wacker,10 S Wacker Dr,Office
101776,Hyatt Regency Chicago,151 East Wacker Drive,Hotel
101784,Auditorium Building,430 S. Michigan Ave,College/University
101787,111 N Canal,111 N. Canal St.,Office
101788,333 West Wacker,333 West Wacker Drive,Office
101789,200 West Madison (Brightly),200 West Madison Street,Office
101790,The Jewelers Building,35 East Wacker Drive,Office
101791,55 West Monroe,55 West Monroe,Office
101793,Wrightwood,625 West Wrightwood,Multifamily Housing
101794,225 W Wacker,225 W Wacker Dr,Office
101795,541 N Fairbanks,541 N Fairbanks,Office
101797,303 E. Wacker,303 E. Wacker,Office
101798,Headquarters Q12380,225 W Randolph,Office
101799,200 South Wacker Property LLC,200 South Wacker Drive,Office
101801,Michigan Plaza,205/225 N Michigan Ave,Office
101804,401 N Michigan Avenue,401 N Michigan Avenue,Office
101807,Fine Arts Building,408 410 S. Michigan Ave,Office
101812,One North Dearborn,1-17 N. Dearborn Street,Office
101813,150 North Michigan,150 North Michigan Avenue,Office
101815,"Magnolia Gardens, LLC",4845 4859 N Magnolia Ave,Multifamily Housing
101816,5041 - North Bridge Block 119 and 120,43 E Ohio St,Enclosed Mall
101827,Burnham Center,111 West Washington,Office
101828,Indiana Terrace Apartments,6000 S. Indiana Ave,Multifamily Housing
101830,251010 - Quaker Tower,555 West Monroe Street,Office
101834,One North Franklin (PNC Center),1 N. Franklin,Office
101835,230 W Monroe,230 W Monroe,Office
101838,191 North Wacker,191 North Wacker Drive,Office
101839,120 South Riverside Plaza,120 South Riverside Plaza,Office
101840,8602,710 Lake Shore Dr,College/University
101841,122 Property LLC,122 S. Michigan Ave.,Office
101846,200 West Adams St.,200 West Adams St.,Office
101848,200 West Monroe,200 W. Monroe,Office
101850,One East Wacker,One East Wacker Drive,Office
101851,150-160 E. Huron,150-160 E. Huron,Hotel
101852,29SA6-CHIGS-Sheraton Grand Chicago,301 E. North Water Street,Hotel
101854,10 South Riverside Plaza,10 South Riverside Plaza,Office
101856,111 West Jackson,111 West Jackson Blvd,Office
101862,101 North Wacker,101 North Wacker Drive,Office
101865,100/150 S. Wacker,150 South Wacker,Office
101867,125 South Wacker,125 S Wacker Drive,Office
101868,AG 300 South Wacker Owner LLC,300 South Wacker Drive,Office
101869,Hotel Chicago,333 N Dearborn Street,Hotel
101871,123 N Wacker,123 N Wacker,Office
101872,100 North La Salle Street,100 North La Salle Street,Office
101874,444 N. Michigan,444 N. Michigan Avenue,Office
101876,55 E. Jackson AcOuisitions LLC,55 E. Jackson Blvd,Office
101878,200 West Jackson Boulevard Building,200 West Jackson Blvd.,Office
101881,25 E Washington,25 East Washington Street,Office
101883,Omni Hotel,676 N Michigan Ave,Hotel
101887,550 West Adams,550 W. Adams,Office
101889,333 North Michigan,333 North Michigan Ave,Office
101890,8890,345 E. Superior,College/University
101891,224 South Michigan Avenue,224 South Michigan Avenue,Office
101899,6830 N SHERIDAN RD,6830 N Sheridan,Multifamily Housing
101900,"WASHINGTON FRANKLIN, LLC",309 W. Washington St,Office
101901,1123 - The Allegro Royal Sonesta - 171 W Randolph - SVC,171 W Randolph St,Hotel
101907,225 West Washington,225 West Washington,Office
101910,154-60 N LASALLE,160 N. Lasalle St.,Office
101912,550 West Washington,550 West Washington,Office
101913,Chicago Transit Authority - 567 W Lake Street,567 W. Lake Street,Office
101918,Randolph Wells,205 W Randolph,Office
101919,MarOuette Building,140 South Dearborn Street,Office
101920,The Wrigley Building,400-410 N Michigan Avenue,Office
101923,311 West Monroe,311 West Monroe,Office
101924,Onni Van Buren Chicago LLC,550 West Van Buren Street,Office
101929,200 S. Michigan Ave,200 S. Michigan Ave,Office
101934,"321 N. Clark Property, LLC",321 North Clark,Office
101935,500 N Michigan,500 N Michigan,Office
101940,Mallers Building LLC,5 S. Wabash Ave.,Enclosed Mall
101942,Nordstrom #220 Michigan Avenue,55 E Grand Ave,Retail Store
101943,303 West Madison,303 West Madison,Office
101950,332 Property LLC,332 South Michigan Ave.,Office
101954,The Garland Building Office Condominium,111 North Wabash,Office
101958,17 N. State LLC,17 N. State Street,Office
101960,Chicago Cultural Center,78 E. Washington St.,Other - Entertainment/Public Assembly
101961,Inland Steel Building,30 West Monroe,Office
101968,Michigan 30 LLC,30 N. Michigan Ave,Office
101969,Chicago Temple Building,77 W. Washington,Office
101971,Corboy Law Center-ID# 101971,25 E. Pearson St.,College/University
101972,150 North Wacker Drive,150 North Wacker Drive,Office
101975,Daley Center,14 East Jackson Blvd.,College/University
101980,Harold Washington College,30 East Lake Street,College/University
101981,Woodlawn Terrace,4724-4730 S. Woodlawn Avenue,Multifamily Housing
101987,20 South Clark,20 S Clark St,Office
101988,205 W Wacker,205 W Wacker Dr,Office
101989,330 WELLS OWNER LLC,330 S. Wells Street,Multifamily Housing
101998,TransUnion LLC,555 W Adams St,Office
101999,1415 Lunt Condominium Association,1415 W Lunt Ave,Multifamily Housing
102029,Drexel Grand,5220 S Drexel Avenue,Multifamily Housing
102032,450 Briar Place Condominium Association,450 W. Briar Pl.,Multifamily Housing
102079,East Bank Club,500 North Kingsbury Street,Fitness Center/Health Club/Gym
102083,Pratt Blvd Place Condo Assoc,1645-63 W Pratt Condo Assoc,Multifamily Housing
102091,Superior West Private Residences,101 W. Superior St.,Multifamily Housing
102125,Lavin Family Pavilion (Outpatient Care Pavilion),259 East Erie,Medical Office
102157,OneTwoPru,130 East Randolph & 180 North Stetson,Office
102160,Block 37,108 N. State Street,Multifamily Housing
102232,2800 Lake Shore Drive Condo Association (102232),2800 North Lake Shore Drive,Multifamily Housing
102238,Park West Condominium,444 W Fullerton Pkwy,Multifamily Housing
102239,Lake Park Crescent - Midrise,1061 E 41st Pl,Multifamily Housing
102270,2700-2714 N Spaulding Ave,"2700-14 N Spaulding, 3300-3312 W. Schubert",Multifamily Housing
102283,Ascension St Joseph Hospital - Chicago,2900 N Lake Shore Drive,Hospital (General Medical & Surgical)
102284,Commonwealth Plaza Condominium Association,330 West Diversey Parkway,Multifamily Housing
102285,Advocate Illinois Masonic Medical Center,836 W. Wellington Avenue,Hospital (General Medical & Surgical)
102286,3000 N Halsted Street,3000 N Halsted Street,Medical Office
102309,Schurz HS,3601 N Milwaukee Ave,K-12 School
102323,"Franklin Blvd Partners, LLC",3515 W Franklin Blvd,Multifamily Housing
102331,Disney,4140 N Marine Dr,K-12 School
102332,Truman College,1145 West Wilson Ave,College/University
102335,,4302 4312 N SHERIDAN RD,Multifamily Housing
102336,Institute of Cultural Affairs - Greenrise,4750 N Sheridan Road,Office
102337,Buena Shores,833 W.Buena Avenue,Multifamily Housing
102340,Grand on Grand Condominium Association,200 W. Grand Ave.,Multifamily Housing
102362,"MLL 1945 Wilson, LLC",1945 W. Wilson Ave.,Mixed Use Property
102363,Lane Tech HS,2501 W Addison St,K-12 School
102365,Lake View HS,4015 N Ashland Ave,K-12 School
102368,Bradley Business Center II,2500 West Bradley Place,Other
102380,4600 N. Cumberland Condominium Association,4600 N. Cumberland Ave.,Multifamily Housing
102397,Walsh Park Apartments,1734 N. Paulina Street,Multifamily Housing
102408,Mundelein Center- ID#102408,1020 W Sheridan Rd,College/University
102409,Senn HS,5900 N Glenwood Ave,K-12 School
102435,60 W Erie Condo,60 W Erie St Apt 1401,Multifamily Housing
102451,Abbott,947 E 58th St,Laboratory
102452,Regenstein Library,1100 East 57th Street,Library
102455,Harper Center (Booth School),5807 South Woodlawn Ave.,College/University
102456,Sunny Gym,5823 South Kenwood Avenue,Fitness Center/Health Club/Gym
102460,Griffin Museum of Science and Industry,5700 South Lake Shore Drive,Museum
102487,Pine Grove Apartments,3639 N. Pine Grove,Multifamily Housing
102532,Advocate Trinity Hospital,2320 E. 93rd. Street,Hospital (General Medical & Surgical)
102544,"Olive-Harvey College - South Side Learning Center - Board of Trustees, Community",10001 South Woodlawn Ave,College/University
102545,Chicago Vocational Career Academy -CPS,2106 E 87th St,K-12 School
102552,Palmer Kedzie Condominium Association,3127-45 W Palmer,Multifamily Housing
102556,Gateway Apartments (Sneider Apartments),7450 N Rogers,Multifamily Housing
102568,,639  W GRACE ST,Multifamily Housing
102585,Chicago State University Campus,9501 South Martin Luther King Drive,College/University
102587,Carver Millitary Academy -CPS,13100 S Carver Dr,K-12 School
102610,,420  432 W ONTARIO ST,Multifamily Housing
102613,,7914 7932 S WABASH AVE,Multifamily Housing
102643,234-Senior Suites of Jefferson Park,5400 N. Northwest Highway,Senior Living Community
102644,Glenwood Apartments,6701 N Glenwood Ave,Multifamily Housing
102690,Gallery 1250 (ga021),1250 N La Salle St,Multifamily Housing
102705,,65  E GOETHE ST,Multifamily Housing
102725,237-Senior Suites of W. Humboldt Park,3656 W. Huron Street,Senior Living Community
102731,1025 W Hollywood,1025 W Hollywood,Multifamily Housing
102745,Harper Place Condominium Association,5309-5343 S Harper Place,Multifamily Housing
102766,Brandon Shores Condo Association,6150 N Kenmore,Multifamily Housing
102803,235-Senior Suites of New City,4845 S. Western Avenue,Senior Living Community
102809,1916-34 W. Winona / 5103-5115 N. Winchester,1916-34 W. Winona / 5103-5115 N. Winchester,Multifamily Housing
102825,Ravenswood Court,4510-4518 N. Ashland,Multifamily Housing
102838,233-Senior Suites of Hegewisch,13550 S. Avenue O,Senior Living Community
102854,Hyde Park West Apartments,5325 S. Cottage Grove Ave,Multifamily Housing
102914,Brainerd Senior Center (8915 S. Loomis St.),8915  S LOOMIS ST,Multifamily Housing
102926,5736-52 South Stony Island LLC,5736-52 S Stony Island Ave,Multifamily Housing
102946,Haven Towers,7947 S. South Chicago Ave.,Multifamily Housing
102987,,4048  S LAKE PARK AVE,Multifamily Housing
103036,SEELEY BUILDING,4424 4432 N SEELEY AVE,Multifamily Housing
103182,1000 N. LaSalle Apartments,1000 N. Lasalle St.,Multifamily Housing
103264,2941 S Michigan,3001 S Michigan Ave,Multifamily Housing
103271,1344 N. Dearborn Condo Association (nd112),1344 N Dearborn St,Multifamily Housing
103273,Indian Trail Apartments,221 E 121st Place,Multifamily Housing
103278,,33  W HURON ST,Multifamily Housing
103310,Marshall Field Garden Apartment Homes,1448 N Sedgwick St,Multifamily Housing
103312,199 East Lake Shore Drive,199 East Lake Shore Drive,Multifamily Housing
103314,Evergreen Tower I,1333 N. Cleveland Ave,Multifamily Housing
103315,230 East Ontario Condominium Association,230 E. Ontario St.,Multifamily Housing
103317,33E. Condo Association (33 E. Cedar St.),33 E. Cedar St.,Multifamily Housing
103573,Woodlawn Partners,6445 6458 S Kenwood Ave,Multifamily Housing
103580,Good Shepherd Land & Housing Dev. Corp.,6720 S Cornell Ave,Multifamily Housing
103594,NBC Tower,455 North Cityfront Plaza Drive,Office
103595,141 West Jackson Boulevard (Chicago Board of Trade Building),141 West Jackson Boulevard,Office
103596,550 W Jackson Boulevard,550 W Jackson Boulevard,Office
103597,30 North LaSalle Street,30 North Lasalle Street,Office
103598,222 North LaSalle,222 North Lasalle Street,Office
103600,10 South LaSalle Street,10 South Lasalle Street,Office
103601,120 South LaSalle Street Building,120 South Lasalle Street,Office
103602,190 South LaSalle,190 South Lasalle,Office
103604,525 West Monroe,525 West Monroe Street,Office
103605,515 North State,515 N. State Street,Office
103606,Willis Tower (Rivion LLC),233 S Wacker Drive,Office
103608,329 W 18th St,329 W 18th St,Office
103611,Clark-Adams,105 W Adams St,Office
103614,Ann & Robert H. Lurie Children's Hospital of Chicago,225 E Chicago Ave,Hospital (General Medical & Surgical)
103615,NMH Prentice Womens Hospital,250 E Superior St,Hospital (General Medical & Surgical)
103617,33 E Congress,33 E Congress,College/University
103620,Grossinger City Autoplex,1530 N Dayton St,Automobile Dealership
103621,SpringHill Suites - Residence Inn,400-410 N. Dearborn St.,Hotel
103624,Illinois Institute of Technology,3300 South Federal Street,College/University
103626,151 North Franklin,151 N. Franklin Street,Office
103628,701190 - 1000 West Fulton Market - OPI,1000 West Fulton,Office
103630,Stroger Hospital Campus,1901 W. Harrison St.,Hospital (General Medical & Surgical)
103632,NMH Feinberg Pavilion and Galter Pavilion,251 E Huron St,Hospital (General Medical & Surgical)
103634,Lewis & O'Malley,25 E. Jackson Blvd.,College/University
103638,The Field Museum,1400 South Lake Shore Drive,Mixed Use Property
103639,121 West Wacker Drive AKA 221 N La Salle Street,121 West Wacker Drive,Office
103640,One North LaSalle,1 N. Lasalle,Office
103641,33 North LaSalle Street,33 North Lasalle Street,Office
103643,180 North LaSalle,180 North Lasalle Street,Office
103644,Onni 200 LaSalle,200 N Lasalle Ave,Office
103645,203 North LaSalle,203 N Lasalle Street,Office
103647,135 S LaSalle Property LLC,135 S. Lasalle Street,Office
103651,425 South Financial,425 South Financial Place (440 South Lasalle),Office
103653,350 North Orleans (Rivion LLC),350 North Orleans Street,Office
103655,Stein Place,5825 S. Dorchester,Multifamily Housing
103656,"theMART, Chicago",222 Merchandise Mart Plaza,Office
103661,One Magnificent Mile,980 North Michigan Avenue,Mixed Use Property
103664,Northern Trust HeadOuarters,50 S. Lasalle,Financial Office
103669,Soldier Field,1410 South Museum Campus Drive,Stadium (Open)
103677,150 North Riverside Plaza,150 N. Riverside Plaza,Office
103679,300 South Riverside Plaza,300 South Riverside Plaza,Office
103681,Fordham Hall- ID# 103681,6455 N Sheridan Rd,Residence Hall/Dormitory
103682,2019 - 4624 S Ellis,4624 S. Ellis,Multifamily Housing
103684,NMH Arkes Family Pavilion,676 N St. Clair St,Medical Office
103685,One North State,1 N State St,Office
103687,Sullivan Center,1 S State St.,Office
103689,Old Post Office,433 West Harrison Street,Office
103692,333 South Wabash,333 S. Wabash,Office
103696,111 South Wacker,111 South Wacker,Office
103698,22 West Washington,22 West Washington Street,Office
103699,George W Dunne Cook County Office Building,69 W. Washington Street,Office
103705,The National,125 S. Clark Street,Office
103711,Two North LaSalle,2 North Lasalle,Office
103712,Water Tower Place,835 N. Michigan Avenue,Mixed Use Property
103716,Palmer House a Hilton Hotel (CHIPH),17 E. Monroe Street,Hotel
103721,The Rookery Building,209 S. Lasalle,Office
103727,5050 N Broadway,5040-60 N Broadway,Multifamily Housing
103731,900 W Fullerton,900 W Fullerton,Multifamily Housing
103733,International Tower,8550 W Bryn Mawr Ave,Office
103738,Drexel Towers 4825,4825 S. Drexel,Multifamily Housing
103739,20 North Clark Street - 2821,20 North Clark Street,Office
103743,33 N. Dearborn,33 N. Dearborn,Office
103745,900 North Michigan,900 North Michigan,Mixed Use Property
103748,NMH Olson Pavilion,710 N Fairbanks Ct,Laboratory
103759,HeadOuarters,547 W. Jackson Blvd.,Office
103761,20 W Kinzie St,20 W Kinzie St,Office
103766,640 N LaSalle,640 N Lasalle Dr,Office
103770,CME Group Inc,333 S LaSalle St,Financial Office
103778,WEISS MEMORIAL HOSPITAL,4646 N MARINE DR,Hospital (General Medical & Surgical)
103780,LondonHouse Chicago,85 E Upper Wacker Dr,Hotel
103781,625 N Michigan Avenue,625 N Michigan Avenue,Office
103782,Warwick Allerton Hotel Chicago,701 N. Michigan Ave.,Hotel
103789,De La Salle Institute,3434 S Michigan Ave,K-12 School
103798,U.S. Railroad Retirement,844 N. Rush Street,Office
103804,190 N. State Street,190 N. State Street,Office
103812,400 W. Superior,400-432 W. Superior Street,Office
103815,328 S Jefferson,328 S Jefferson,Office
103816,AMA Plaza,330 North Wabash,Office
103849,Bicycle Station Lofts Condominium Association,1632 S. Indiana Ave.,Multifamily Housing
103871,Illume Condominiums,111 S. Peoria St.,Multifamily Housing
103933,,3161  N CAMBRIDGE AVE,Multifamily Housing
103962,Fountainbleau CAMBRIDGE Property,2828 N. Cambridge,Multifamily Housing
103965,447-457 W. Wellington Ave.,455 W. Wellington Ave.,Multifamily Housing
103970,424 West Oakdale Avenue,424 W. Oakdale Ave.,Multifamily Housing
104095,4600-4650 W. Diversey,4600 4650 W Diversey Ave,Strip Mall
104100,711 W Gordon Terrace,711 W Gordon Terrace,Multifamily Housing
104105,Sheridan Shores,640 W. Sheridan Road,Multifamily Housing
104206,Malden Property LLC,4501-4519 N Malden St,Multifamily Housing
104208,4401-09 N. Malden St.,4401-09 N. Malden St.,Multifamily Housing
104226,606 West Cornelia LLC,606-620 W. Cornelia Ave.,Multifamily Housing
104237,536-552 W. Addison St.,536 W. Addison St.,Multifamily Housing
104238,3510 N. Pine Grove Ave.,3510 N. Pine Grove Ave.,Multifamily Housing
104239,517-25 W. Brompton Ave.,517-25 W. Brompton Ave.,Multifamily Housing
104250,544 W. Melrose St.,544 W. Melrose St.,Multifamily Housing
104261,500 W. Belmont Apartments,500 W. Belmont Ave.,Multifamily Housing
104263,444-454 W. Melrose St.,450 W. Melrose St.,Multifamily Housing
104278,431 Roscoe,429-31 W. Roscoe,Multifamily Housing
104285,Aldine Building II LLC,528-34 West Aldine,Multifamily Housing
104288,EFA LLC,452 Aldine Ave,Multifamily Housing
104300,434 W Roscoe,434 W Roscoe St,Multifamily Housing
104340,,4701 4705 N BEACON ST,Multifamily Housing
104430,Edgewater Flats Condominium,1215-25 W Granville,Multifamily Housing
104431,,5948 5958 N BROADWAY,Office
104511,Hollywood Property,1040 W Hollywood,Multifamily Housing
104549,Heiwa Terrace,920 W Lawrence Ave # 1,Multifamily Housing
104635,,1900 1912 W PRATT BLVD,Multifamily Housing
104710,Belmont Place,4645 West Belmont Avenue,Multifamily Housing
104735,,2516 2526 N KEDZIE BLVD,Multifamily Housing
104789,Commonwealth,2322 N. Commonwealth,Multifamily Housing
104834,515-523 W. Barry Ave.,515 W. Barry Ave.,Multifamily Housing
104836,Barry Building IV,445 West Barry Avenue,Multifamily Housing
104838,421-31 Barry,421-31 W Barry Ave.,Multifamily Housing
104849,,660  W WRIGHTWOOD AVE,Multifamily Housing
104879,2600 N Hampden,2600 N Hampden Court,Multifamily Housing
104931,4600 N. Winchester,4600 N. Winchester Ave.,Multifamily Housing
105006,"5527-5541 N. Kenmore, LLC",5527 5539 N. Kenmore Ave.,Multifamily Housing
105011,Kenwin Venture LLLP,5439-5443 N Kenmore,Multifamily Housing
105012,fmc management,1016 w balmoral,Multifamily Housing
105034,Carmen Marine Cooperative,5030 N Marine Dr,Multifamily Housing
105044,,2018 2040 W FARWELL AVE,Multifamily Housing
105061,Northgate Landing,7625-39 North East Lake Terrace,Multifamily Housing
105067,1033 W Loyola (wy73),1033 W Loyola Ave,Multifamily Housing
105070,,1548 1558 W JUNEWAY TER,Multifamily Housing
105078,6825 Sheridan Rd Building Partnership,6825 N Sheridan Rd,Multifamily Housing
105150,Baric Properties,1533 W Jarvis Ave,Multifamily Housing
105244,,1329 1341 W ESTES AVE,Multifamily Housing
105252,Lake Grove Village Apartments,3500-3544 South Lake Park Avenue & 3515-3555 South Cottage Grove Avenue,Multifamily Housing
105288,"Mireles Academy, Arnold -CPS",9000 S Exchange Ave,K-12 School
105315,468 West Melrose Street,468 W Melrose St,Multifamily Housing
105339,Catherine Courts Condominium Association of Chicago (5306 N Cumberland Ave),5306 N. Cumberland Ave.,Multifamily Housing
105340,531 W. Deming,531 W. Deming Pl.,Multifamily Housing
105360,200 N Central,200 N Central Ave,Multifamily Housing
105391,Southland Preservation,6253  S MICHIGAN AVE,Multifamily Housing
105441,Archer Courts Apartments,2220-2242 S Princeton Avenue,Multifamily Housing
105451,3616-18 North Pine Grove Avenue,3616-18 N. Pine Grove Ave.,Multifamily Housing
105454,,530  W ARLINGTON PL,Multifamily Housing
105478,"Granville Apartments, LLC",6230 N Kenmore Ave,Multifamily Housing
105483,The Edison (ds067),5200 N Sheridan Rd,Multifamily Housing
105484,Kenwin Venture LLLP,5220-5224 N Kenmore,Multifamily Housing
105488,The Bryn,5600 Sheridan,Multifamily Housing
105490,5620-5626 N. Kenmore Ave,5620-5626 N. Kenmore Ave.,Multifamily Housing
105530,6900 S Crandon,6900 S Crandon,Multifamily Housing
105533,Fairfield Hall-ID#105533,6228-6240 N Winthrop Ave,Residence Hall/Dormitory
105551,The Carolan Apartments,5480 S CORNELL AVE,Multifamily Housing
105586,Parkway Apartments,712 720 W DIVERSEY PKWY,Multifamily Housing
105596,Commonwealth Apartments LLC,2751-2765 N. Pine Grove Ave.,Multifamily Housing
105600,Hampden Court Apartments,2740 2750 N HAMPDEN CT,Multifamily Housing
105604,Grenada,525 W Arlington Pl,Multifamily Housing
105608,513-519 W. Briar Pl.,515 W. Briar,Multifamily Housing
105615,Surf III LLC,426 W Surf St,Multifamily Housing
105617,441 W. Oakdale Apartments,441 W. Oakdale Ave.,Multifamily Housing
105619,529 West Wellington,529 - 41 West Wellington Avenue,Multifamily Housing
105653,601 Condominium Association,601 E 32nd Street,Multifamily Housing
105673,Holiday Inn Downtown Chicago,506 W Harrison St.,Hotel
105695,Dearborn I LLC,1036 N Dearborn St,Multifamily Housing
105697,Dearborn Plaza,1030 N Dearborn St,Multifamily Housing
105725,Shorewind Towers,7000 7008 S SOUTH SHORE DR,Multifamily Housing
105739,Silver Cloud Condominiums,5346 S. Cornell Ave,Multifamily Housing
105744,Winthrop Terrace Apartments,5734 N Winthrop Ave,Multifamily Housing
105749,The Chatelaine,215 E. Chestnut Street,Multifamily Housing
105768,Clarendon Shores,4750 N. Clarendon Avenue,Multifamily Housing
105788,Buena Terrace,4242 N. Sheridan Rd.,Multifamily Housing
105790,Uptown Regency,5050 N. Sheridan Rd.,Multifamily Housing
105792,Diversey III LLC,424 W Diversey Pkwy,Multifamily Housing
105819,540 W. Briar,540 W. Briar,Multifamily Housing
105820,Quality Inn Midway Airport,7353  S CICERO AVE,Hotel
105852,,7100  S SOUTH SHORE DR,Multifamily Housing
105858,Arlington Place,546-550 West Arlington Place,Multifamily Housing
105864,"Navy Pier, Inc.",600 E Grand Ave,Mixed Use Property
105921,1246 Pratt LLC,1246 W. Pratt Blvd.,Multifamily Housing
105936,14 West Elm Apartments,14 W Elm St,Multifamily Housing
105938,Harper Court,5235 S Harper Court,Office
105967,"Cornell Rentals, LLC",5424 S. Cornell,Multifamily Housing
105983,1330 N. Dearborn Apartments,1330 N. Dearborn St.,Multifamily Housing
105987,Jeffery Towers,7020 S Jeffery Blvd,Multifamily Housing
105989,C5501WAS (25112),5501 W Washington Blvd,Multifamily Housing
105991,Chicago IL SCH,162-164 E Ontario St,Hotel
106000,HRTL - Harvest Commons: 1519 W Warren Blvd,1519 West Warren Boulevard,Multifamily Housing
106014,Delaware III LLC,211 E Delaware Pl,Multifamily Housing
106017,6900 S. Shore Drive,6900 S. Shore Drive,Multifamily Housing
106025,,640 644 N WABASH AVE,Hotel
106027,,505  W BELMONT AVE,Multifamily Housing
106030,Grand Briar CA,433 W. Briar Place,Multifamily Housing
106042,LaSalle Towers Condominium Association,1211 1217 N LASALLE DR,Multifamily Housing
106046,Inn of Chicago,162 E Ohio,Hotel
106052,"6214 N. Winthrop, LLC",6214-6218 N. Winthrop Ave.,Multifamily Housing
106067,,4653 4661 S LAKE PARK AVE,Multifamily Housing
106101,Wrightwood II LLC,443 W Wrightwood Ave,Multifamily Housing
106102,,190  E WALTON PL,Multifamily Housing
106103,4180 Polo Tower CA,4180 N. Marine Drive,Multifamily Housing
106108,10 W ELM,10 W Elm Street,Multifamily Housing
106109,Dearborn North,1117 N Dearborn,Multifamily Housing
106112,Skiritai Bittersweet LLC,732 W. Bitterwsweet Pl,Multifamily Housing
106113,"725 W Sheridan Condominium Association, Inc.",721 729 W SHERIDAN RD,Multifamily Housing
106118,3410 Lakeshore Drive Condominium Association,3410 N. Lake Shore Dr,Multifamily Housing
106121,Pine Grove Property LLC,2828 N Pine Grove Ave,Multifamily Housing
106122,344-358 W. Oakdale Ave.,350 W. Oakdale Ave.,Multifamily Housing
106125,5631-35 N Kenmore,5631-35 N. Kenmore,Multifamily Housing
106128,5536 N. Sheridan,5536 N. Sheridan Rd.,Multifamily Housing
106158,,1100  N LASALLE DR,Multifamily Housing
106159,Mark Twain Hotel,111 W Division St,Multifamily Housing
106221,534 West Stratford,532 - 536 West Stratford Place,Multifamily Housing
106223,4521-23 North Malden Street,4521-23 N. Malden St.,Multifamily Housing
106236,Twain,5134 S Lotus Ave,K-12 School
106618,215 WEST - LPC,215 W Washington St,Multifamily Housing
106819,Kenwood HS,5015 S Blackstone Ave,K-12 School
107850,300 W Adams,300 W Adams,Office
107939,Kenmore,5040 N Kenmore Ave,Multifamily Housing
107970,Taylor Park,41 W 47th St,Other
108602,C/S Lathrop Limited Partnership,2717 N Leavitt St,Multifamily Housing
109191,Edgewater Presbyterian Church,1020 W Bryn Mawr Ave,Worship Facility
109238,,4572  N MILWAUKEE AVE,Multifamily Housing
109278,Innisbrook V Condominium Association,8509-25 W Catherine,Multifamily Housing
109326,,4825 4835 N CENTRAL AVE,Multifamily Housing
109413,550 W. Surf,550 W. Surf,Multifamily Housing
109510,Cornell Square,4922-4942 S. Cornell,Multifamily Housing
109549,Lunt Avenue Condominium & Health Club,1327-1337 W. Lunt Ave.,Multifamily Housing
109550,Lunt Court Condominium Association,1217-1227 W. Lunt Ave.,Multifamily Housing
109573,Casa Bonita Condominium Association,7340-7352 N. Ridge Blvd.,Multifamily Housing
109576,7200 Ridge Condominium Association,7200 7216 N RIDGE BLVD,Multifamily Housing
109613,Cook County Department of Corrections Campus,2700 S California Ave,Prison/Incarceration
109891,5460 S Woodlawn Ave,5460 S Woodlawn Ave,Multifamily Housing
110223,William Rainey Harper High School,6520 S Wood St,K-12 School
110254,,110 W SUPERIOR ST,Multifamily Housing
110743,,30  W OAK ST,Multifamily Housing
110848,Gordon Center for Integrative Science (GCIS),929 East 57th Street,Laboratory
110854,River Village Pointe Condominium Association,845 N. Kingsbury,Multifamily Housing
110887,,2510 W IRVING PARK RD,Multifamily Housing
111000,Armitage Francis,2740 W Armitage Ave,Multifamily Housing
111038,600 N. Lake Shore Drive Condominium Association (600 N. Lake Shore Dr),600 N. Lake Shore Drive,Multifamily Housing
111157,3963 W. Belmont,3963 W. Belmont Avenue,Multifamily Housing
111290,IIT Research Tower,10 West 35th Street,College/University
111431,,15 25 S THROOP ST,Multifamily Housing
111452,Washington SOuare Condominium Association,1301-1309 W Washington Blvd,Multifamily Housing
111466,The River West 2 Condominium Association,939 W. Huron St.,Multifamily Housing
111536,,2333 2341 N COMMONWEALTH AVE,Multifamily Housing
111545,,2314 N LINCOLN PARK WEST,Multifamily Housing
111553,St. Michael's High School Condominiums,1660 N. Hudson Ave,Multifamily Housing
111555,North Park Tower Cooperative,300 W. North Avenue,Multifamily Housing
111633,2130 N. Lincoln Park West (2130 N. Lincoln Park West),2130 N. Lincoln Park West,Multifamily Housing
111687,2120 Lincoln Park West Condo Association,2120 N Lincoln Park West,Multifamily Housing
111695,399 Corporation,399 W. Fullerton Pkwy,Multifamily Housing
111708,2970 Lake Shore Condo Association,2970 N Lake Shore Drive,Multifamily Housing
111724,Clybourn Lofts Condominium Association,1872 N Clybourn Ave,Multifamily Housing
111837,The Marlborough,400 W. Deming Place And 2600-2608 Lakeview,Multifamily Housing
111862,2450 N Lakeview Avenue Trust (2450 N Lakeview Avenue),2450 N Lakeview Avenue,Multifamily Housing
111893,Chicago Transit Authority - 120 N. Racine,120 North Racine,Office
111959,Dickens Place Condominium Association,2100  N RACINE AVE,Multifamily Housing
111976,The Brewster CA,2800 N Pine Grove Avenue,Multifamily Housing
111978,Commonwealth Towers Condominium Association,2920 N. Commonwealth Ave.,Multifamily Housing
111987,,442 444 W WELLINGTON AVE,Multifamily Housing
112016,Ridgemoor Estates 1 Condominium,4106  N NARRAGANSETT AVE,Multifamily Housing
112078,CUMBERLAND CROSSING CONDOMINIUM,5555 North Cumberland,Multifamily Housing
112141,,3470  N LAKE SHORE DR,Multifamily Housing
112157,Waveland Gardens,626-630 West Waveland,Multifamily Housing
112188,Dunbar Vocational Acad HS -CPS,3000 S King Dr,K-12 School
112320,Thorndale Manor Apartments,1020 West Thorndale Ave,Multifamily Housing
112395,,3600 3608 N PINE GROVE AVE,Multifamily Housing
112437,415 Condominium Association,415-421 W. Aldine Ave.,Multifamily Housing
112468,3300 Lake Shore Drive Condominium Association,3300 N Lake Shore Drive,Multifamily Housing
112515,1237 Fullerton LLC dba Ion Lincoln Park,1237 West Fullerton,Multifamily Housing
112530,4240 N Clarendon Ave,4240 N Clarendon Ave,Multifamily Housing
112607,6118 Sheridan Road Condominium Homeowners Association,6118 N Sheridan Rd,Multifamily Housing
112622,,5918  N KENMORE AVE,Multifamily Housing
112638,Juvenile Temporary Detention Center Campus,1100 S. Hamilton Ave.,Mixed Use Property
112698,6300 Sheridan Building Condominium Association,6300 North Sheridan,Multifamily Housing
112699,Sheridan Lakeside Condo Association,6259 N. Sheridan,Multifamily Housing
112724,6119 6125 N Winchester,6119-6125 N Winchester Ave,Multifamily Housing
112760,Park Castle Condominium Association,2416-2458 W. Greenleaf Ave,Multifamily Housing
112762,Royalton Condominium Association,6800 N California Ave,Multifamily Housing
112765,309-The Breakers at Edgewater Beach,5333 North Sheridan Road,Senior Living Community
112801,Sheridan Shores Condominium Association,5740 N. Sheridan Rd.,Multifamily Housing
112834,Artista 55,"5525 N Winthrop Ave, , Il",Multifamily Housing
112954,1515 W. MORSE LLC,1515 W Morse Ave,Multifamily Housing
113026,Cullerton Station Condominium Association,1909-1935 S State St,Multifamily Housing
113086,1001 Madison Condominium Association,1001 W Madison,Multifamily Housing
113146,Atrium Condominium Association,4101-4115 S. Michigan Ave,Multifamily Housing
113158,2001 Calumet,2001 S. Calumet Ave.,Multifamily Housing
113199,30 E. Division Condominium Association,30 E. Division,Multifamily Housing
113335,Ravinia Lofts Condominium Association,2024 S Wabash Ave,Multifamily Housing
113396,Surfside Condominium,5815 N Sheridan Rd,Multifamily Housing
113414,Ridgemoor Estates V Condominium Association,6430 W Belle Plaines,Multifamily Housing
113452,Plymouth Court,1115 S. Plymouth Court,Multifamily Housing
113466,Franklin Building Condominium Association,720 S Dearborn St,Multifamily Housing
113474,City-Towne Condominium Association,517-523 N. Halsted St.,Multifamily Housing
113485,1366 North Dearborn Condominium Association,1366 N Dearborn,Multifamily Housing
113487,1340 N Dearborn Condominium Association,1340 N Dearborn,Multifamily Housing
113489,,1339  N DEARBORN ST,Multifamily Housing
113507,LaSalle Terrace Condominium Association,1540 N. Lasalle St.,Multifamily Housing
113509,1330 N LaSalle,1330 N Lasalle Drive,Multifamily Housing
113540,One East Schiller Condominium Association,1 E Schiller Street,Multifamily Housing
113548,Astor Terrace (1450 N. Astor St),1450 N. Astor St,Multifamily Housing
113569,Ritchie Tower Condominium,1310 N. Ritchie Court,Multifamily Housing
113573,1540 N. Lake Shore Drive,1540 N. Lake Shore Drive,Multifamily Housing
113587,1240 Lake Shore Drive (1240 N. Lake Shore Drive),1240 N. Lake Shore Drive,Multifamily Housing
113591,1200 Condominium Association,1200 North Lake Shore Drive,Multifamily Housing
113593,1335 Astor Cooperative (1335 N. Astor St.),1335 N. Astor St.,Multifamily Housing
113598,1300 Astor Tower (1300-1306 N. Astor St.),1300-1306 N. Astor St.,Multifamily Housing
113602,Twelve Nine Astor Building Corporation,1209-17 North Astor St,Multifamily Housing
113617,1418 North Lake Shore Drive Condominium Association,1418 N Lake Shore Drive,Multifamily Housing
113621,1414 North Wells Condominium Association,1414 N. Wells St.,Multifamily Housing
113632,"Lake Shore Land Association, Inc.",1130 N. Lake Shore Drive,Multifamily Housing
113652,233 E Walton Place Building (233 E. Walton Place),233 E. Walton Place,Multifamily Housing
113668,Michigan Building Corporation,229 E Lake Shore Drive,Multifamily Housing
113670,219 E Lake Shore Dr,219 E Lake Shore Dr,Multifamily Housing
113677,221 E Walton Condominium Association,221 E Walton Pl,Multifamily Housing
113688,Cedar Street Corporation,70 E Cedar Street,Multifamily Housing
113690,20 E Cedar Condominium,20 E Cedar St,Multifamily Housing
113706,Streeterville Center,233 E. Erie,Multifamily Housing
113726,,227 239 E DELAWARE PL,Multifamily Housing
113745,The Sexton Condominium Association,360 W Illinois St,Multifamily Housing
113752,,1540  N STATE PKWY,Multifamily Housing
113754,Fifteen Thirty North State Parkway Building Corporation,1530 N State Parkway,Multifamily Housing
113764,State Tower CA,1230 N State Street,Multifamily Housing
113768,Constellation Condominium Association (1555 N Dearborn Parkway),1555 N Dearborn Parkway,Multifamily Housing
113933,Cranston Condo,6929-39 S. Crandon,Multifamily Housing
114008,Shoreline Park Condominium Association,4950 N. Marine Drive,Multifamily Housing
114120,1169 S Plymouth Condominium Association,1169 S Plymouth,Multifamily Housing
114125,1430 S. Michigan Ave,1430 S. Michigan Avenue,Multifamily Housing
114191,232 E Walton Corporation,232 E Walton,Multifamily Housing
114196,1550 State Parkway Condominium Association,1550 N State Pkwy,Multifamily Housing
114197,,1316 1326 N STATE PKWY,Multifamily Housing
114198,1415 North Dearborn Condominium Association,1415 N Dearborn St,Multifamily Housing
114200,The Park Astor Condominium,1515 N Astor,Multifamily Housing
114201,1350 N Astor Street,1350 N Astor Street,Multifamily Housing
114204,Goethe Astor Inc (1301 N. Astor St),1301 N. Astor St,Multifamily Housing
114228,Westgate Center,331 S Peoria Street,Multifamily Housing
114252,607 Wrightwood Condominium Association,607 W. Wrightwood Ave.,Multifamily Housing
114282,Wave Lakeview,420 West Belmont Avenue,Multifamily Housing
114291,2912 Condominium Association,2912-2914 N. Commonwealth Ave.,Multifamily Housing
114316,Ridgemoor Estates Condominiums,6433 W Belle Plaine Ave,Multifamily Housing
114339,Sheridan Point Condominiums,6325 N Sheridan Road,Multifamily Housing
114455,Astor Banks Condominium Association,1325 N Astor St,Multifamily Housing
114515,6901 Oglesby Avenue Apartment Building Corporation,6901-6915 S. Oglesby Ave.,Multifamily Housing
114543,Parkshore Cooperative (1755-1765 E. 55th St.),1755-1765 E. 55th St.,Multifamily Housing
114638,56th & Kimbark Condo Association,5543-59 S Kimbark Ave,Multifamily Housing
114789,THE GREENWOOD CONDOMINIUM,4720-26 S. Greenwood Ave.,Multifamily Housing
114798,The Woodlawn Condominium Association,5042-5056 S. Woodlawn Ave.,Multifamily Housing
114817,WATERGATE EAST CONDOMINIUM ASSOCIATION,5471 S Hyde Park Blvd,Multifamily Housing
114819,5401 S HYDE PARK CONDOMINIUM,5401 S. Hyde Park Blvd.,Multifamily Housing
114858,Scholars Corner Apartments,5100-5110 S. Cornell,Multifamily Housing
114861,The Narragansett Condominium Inc,1640 E 50th St.,Multifamily Housing
114866,"Barclay Condominium Home Owners' Association, Inc",4940 S. East End Ave.,Multifamily Housing
114874,4900 Drexel Cooperative,4900 South Drexel,Multifamily Housing
115022,Yesteryear Condo Association,4211 4221 N PAULINA ST,Multifamily Housing
115046,4200 Marine Drive Condominium Association,4200 N Marine Dr,Multifamily Housing
115065,700 Bittersweet Condominium Association,700 W Bittersweet Pl,Multifamily Housing
115231,1209 W Sherwin Ave,1209 W Sherwin Ave,Multifamily Housing
115316,The Shore Manor,5858 N Sheridan Rd.,Multifamily Housing
115341,4880 Marine Drive Condominium,4880  N MARINE DR,Multifamily Housing
115376,,3950  W BRYN MAWR AVE,Multifamily Housing
115605,,6250 6258 S PARK SHORE EAST CT,Multifamily Housing
115692,460  E 41ST ST,460  E 41ST ST,Multifamily Housing
115754,Van Buren Place,1504 W. Van Buren,Multifamily Housing
115784,"The Highland Apartments, LLC",7455-7469 N. Greenview Ave.,Multifamily Housing
115816,Campbell Terrace,2061 N. Campbell,Multifamily Housing
115860,Printers Row Lofts,732 S. Financial Place,Multifamily Housing
115942,Britton Budd,501 W Surf St,Multifamily Housing
115956,Barton Senior Residences of Chicago,1245 South Wood Street,Senior Living Community
116066,,3850  W BRYN MAWR AVE,Multifamily Housing
116122,The Legacy HB at Clarendon Park,4520 N. Clarendon Ave.,Multifamily Housing
116144,Pope Building Condominium Association,633 S Plymouth Ct,Multifamily Housing
116166,"451 W Melrose, LLC",447-55 W Melrose St,Multifamily Housing
116171,The Bronzeville Vincennes LLC,4724 S Vincennes,Multifamily Housing
116215,Bloomingdale Apartments,1745 North Keystone,Multifamily Housing
116336,LaSalle Private Residences,1212 N Lasalle,Multifamily Housing
116385,Southpoint Nursing and Rehabilitation Center,1010  W 95TH ST,Senior Living Community
116408,226-Senior Suites-Gage Park,3244 W. 59th Street,Senior Living Community
116413,CASL Senior Housing,2108 S. Princeton Avenue,Multifamily Housing
116418,Lafayette Terrace Apartments benchmarking account,6950 South Vincennes Avenue,Multifamily Housing
116428,Bethel Terrace,900 W 63rd Parkway,Multifamily Housing
116462,228-Senior Suites of South Shore,2355 East 67th Street,Senior Living Community
116534,410  E BOWEN AVE,410  E BOWEN AVE,Multifamily Housing
116536,4101 S Calumet Avenue,4101 S Calumet Avenue,Multifamily Housing
116550,,4161  S DREXEL BLVD,Multifamily Housing
116552,4001 S Ellis Ave,4001 S Ellis Ave,Multifamily Housing
116559,Trinity Community Housing Corporation,3939 S Calumet Ave,Multifamily Housing
116644,,60  E 36TH PL,Multifamily Housing
116662,,533  E 33RD PL,Multifamily Housing
116702,,1521  S WABASH AVE,Multifamily Housing
116715,The Studios,1801 South Wabash Avenue,Multifamily Housing
116716,1819 S Michigan Avenue Condominium Association,1819 S Michigan Ave,Multifamily Housing
116720,230-Senior Suites-Central Station,1400 S. Indiana Street,Senior Living Community
116749,East Park Redevelopment Limited Partnership,3300 W Maypole Ave,Multifamily Housing
116750,,3222 W Maypole Ave,Multifamily Housing
116752,Midrise at Ike Sims Village,3333 W Maypole Ave,Multifamily Housing
116786,Plaza Taino,1111 N Francisco Av,Multifamily Housing
116810,Verde Condo Association,680 N Green Street,Multifamily Housing
116876,Armitage Commons,3720 W Armitage Ave,Multifamily Housing
116966,Universal City,9510 S. Constance Ave,Multifamily Housing
117005,Evergreen Tower Ii,1343 N. Cleveland Ave,Multifamily Housing
117014,227-Senior Suites-Belmont Cragin,6045 West Grand Avenue,Senior Living Community
117024,,1830  N WINCHESTER AVE,Multifamily Housing
117067,525 Deming,525 W. Deming Place,Multifamily Housing
117115,,1733 1735 W IRVING PARK RD,Multifamily Housing
117159,Harmony Nursing and Rehabilitation,3919  W FOSTER AVE,Residential Care Facility
117167,MooGoong Terrace,4848 N. Kedzie Ave,Multifamily Housing
117174,Mayfair Commons,4444 W. Lawrence Ave.,Multifamily Housing
117179,,3318  N LAKE SHORE DR,Multifamily Housing
117188,Ruth Shriman,4040 N Sheridan Rd,Multifamily Housing
117189,Benchmark Sherway Tower LP,4225 North Sheridan,Multifamily Housing
117248,Alpha Tower Apartments,936 E. 47th Street,Multifamily Housing
117309,207-Senior Suites of Ravenswood Manor,2800 West Montrose Avenue,Senior Living Community
117311,Chicago-Lakeshore,6130 North Sheridan Rd,Other - Specialty Hospital
117313,Jefferson Courte Condominium Association,4848 N Central Ave,Multifamily Housing
117348,Peterson Plaza Tower,5969 North Ravenswood Ave,Multifamily Housing
117367,Merrimac Square Condominium II Association,6526 W. Irving Park Rd.,Multifamily Housing
117390,Damen Court Apartments,2040 W. Jackson Blvd.,Multifamily Housing
117398,Circle Park Apartments,1111  S ASHLAND AVE,Multifamily Housing
117509,Hyde Park Shopping Center,1500-1554 E 55th St,Supermarket/Grocery Store
117535,Parker Eleme-CPS,6800 S Stewart Ave,K-12 School
117599,Keller Center,1307 E. 60th Street,College/University
117702,ACE Technical Charter High School,5400 S State St,K-12 School
117750,10568 - EWR Edgewater,6009 N. Broadway,Supermarket/Grocery Store
117814,ASPIRA,3119 N Pulaski Rd,K-12 School
117948,Symphony of Chicago West,5130  W JACKSON BLVD,Senior Living Community
118140,Jetro Restaurant Depot,1030 W DIVISION ST,Wholesale Club/Supercenter
118332,840 North Michigan Avenue AcOuisition LLC,840 North Michigan Ave.,Retail Store
118349,Chicago Bar Association,321 S. Plymouth Ct.,Office
118351,Courthouse Place,46-64 W. Hubbard St.,Office
118557,,4437  S CICERO AVE,Senior Living Community
118695,260-Senior Suites of Bridgeport,2825 S. Halsted,Senior Living Community
118700,1986 - 47TH AND WESTERN,4555 S Western Blvd,Retail Store
118737,CHICAGO PETERSON AVE (2079),2112 W Peterson Ave,Retail Store
118776,Gleacher Center,450 North Cityfront Plaza,College/University
118831,10725-Bucktown,2140 N. Elston Ave,Retail Store
118850,Wentworth Commons,11045 South Wentworth,Multifamily Housing
118872,N001845-CHICAGO BRICKYARD,2630 N. Narragansett Ave.,Wholesale Club/Supercenter
118892,Parc Chestnut Condominium Association,849 N Franklin St,Multifamily Housing
118998,Pershing Apartments,3845 S State St,Multifamily Housing
119039,Churchview SLF,2626 W 63rd Street,Senior Living Community
119055,CHICAGO BRICKYARD (1924),6525 W Diversey Ave,Retail Store
119071,CHICAGO SOUTH LOOP (1889),1154 S Clark St,Retail Store
119128,440 North Wells Street,440 North Wells Street,Office
119215,919 S California Ave.,919 S California Avenue,Other
119223,1980 - KIMBALL & ADDISON,3500 N Kimball Ave,Retail Store
119238,"03349AS - Chicago, IL",2520 N. Narragansett Ave,Supermarket/Grocery Store
119323,1976 - LINCOLN PARK,2665 N Halsted St,Retail Store
119347,,2101 S WABASH AVE,Multifamily Housing
119349,Pete's Pulaski,4343 S. Pulaski,Supermarket/Grocery Store
119387,1747 W. Roosevelt,1747 W. Roosevelt,Office
119419,Haugan Middle (Aspira Charter),3729 W Leland Ave,K-12 School
119422,"26810_26811 939 North Avenue Collection,LLC",939 W. North Avenue,Mixed Use Property
119450,CHICAGO NEAR NORTH (0942),2656 N Elston Ave,Retail Store
119504,The Promenade Condominium Association,1201 W Adams,Multifamily Housing
119552,"03344AS - Chicago, IL",1220 S Ashland Ave,Supermarket/Grocery Store
119609,Universal Building,700 N SACRAMENTO BLVD,Office
119629,Costco #00380 Lincoln Park,2746 N. Clybourn Avenue,Supermarket/Grocery Store
119676,1974 - ARMITAGE / CICERO,1919 N Cicero Ave,Retail Store
119685,ECD Streeterville Hotel LLC,216 E. Ontario,Hotel
119689,"A&M 303 WEST ERIE, LLC",303 West Erie,Office
119757,CHICAGO SOUTH PULASKI (1879),4433 S Pulaski Rd,Retail Store
119758,"03721AS - Chicago, IL",6107 S. Archer Ave.,Supermarket/Grocery Store
119799,N002304-CHICAGO (79TH & CICERO) IL,7971 South Cicero,Wholesale Club/Supercenter
119808,McGowan South,1110 W. Belden,College/University
119885,250-Senior Suites of Auburn Gresham,1050 W. 79th,Senior Living Community
119914,N002301-CHICAGO (83RD & STEWART) IL,8411 South Holland Road,Wholesale Club/Supercenter
119987,70800552 -- Chicago,7030 S Ashland Avenue,Supermarket/Grocery Store
120010,Park Community Church,1001 N Crosby St.,Worship Facility
120015,Chicago Indoor Sports,3900 S Ashland Ave,Other - Recreation
120030,Claretian Missionaries Service,205 W. Monroe,Worship Facility
120083,CHICAGO MCKINLEY PARK (2078),1940 W 33rd St,Retail Store
120103,British School,814 W. Eastman,K-12 School
120137,1950 - SOUTH LOOP,1300 S Clinton St,Retail Store
120218,Walmart Supercenter #5402,4650 W. North Avenue,Wholesale Club/Supercenter
120267,Pete's Madison,2333 W. Madison,Supermarket/Grocery Store
120299,53100516--CHICAGO,2112 N Ashland Ave,Supermarket/Grocery Store
120324,Ravenswood Station,1800 W LAWRENCE AVE,Supermarket/Grocery Store
120343,5101 N Sheridan - CLK,5101 N Sheridan,Multifamily Housing
120344,4039-43 N Ravenswood LLC,4043 N Ravenswood,Other
120347,1033 W Van Buren,1033 W Van Buren,Office
120445,15 E. Oak,1-15 East Oak Street,Office
120503,1040 West Randolph,1040 West Randolph Street,Office
120518,HHCS ICRC,3500 S Giles Street,Residential Care Facility
120614,Gateway to West Loop,16-40 S. Halsted,Strip Mall
120624,2641 West Harrison,2641 W. Harrison Street,Other
120631,New City Supportive Living,4707 S Marshfield Ave.,Senior Care Community
120830,Astoria Place Living and Rehab,6300 North California Ave.,Senior Living Community
120876,224 North Desplaines,224 N Desplaines St,Office
120931,10 South State,10-20 South State Street,Retail Store
120958,156 N. Jefferson,156 N. Jefferson,Office
120965,53100512--CHICAGO,1615 S Clark St,Supermarket/Grocery Store
121038,Sherman Plaza,161-205 W. 87th Street,Other - Mall
121043,209 W. Jackson,209 W. Jackson,Office
121059,Center on Halsted,3656 N Halsted,Mixed Use Property
121093,Costco #01107 South Loop,1430 S. Ashland Ave,Supermarket/Grocery Store
121102,1333 West Belmont Avenue,1333 West Belmont,Medical Office
121212,Village Market at Lakeshore East,333 E. Benton Place,Enclosed Mall
121222,"H/B Winchester, LLC",4500 N Winchester Ave,Multifamily Housing
121264,Chicago Theological Seminary,1407 East 60th Street,College/University
121355,Mercedes Benz of Chicago,1520 W North Ave,Automobile Dealership
121374,53100522--CHICAGO,5201 Sheridan Rd,Supermarket/Grocery Store
121587,1550 S Indiana,1550 S Indiana,Mixed Use Property
121761,1903 - BRICKYARD,2555 Normandy Ave,Retail Store
121774,1912 - NORTH AVENUE,1232 W North Ave,Retail Store
122005,"3170AS - Chicago, IL",5320 S Pulaski,Supermarket/Grocery Store
122919,"1241AS - Chicago, IL",1341 N Paulina,Supermarket/Grocery Store
123202,Park View Apartments,1936 N Clark St,Multifamily Housing
123973,Dream Town,4032 W. Madison St,Office
124019,"03477AS - Chicago, IL",4734 Pueblo,Supermarket/Grocery Store
124139,Fullerton Court Apartments,2303 N. Clybourn,Multifamily Housing
124236,830 N Michigan Ave,830 N Michigan Ave,Office
124308,Walmart Supercenter #5965,10900 S. Doty Avenue,Wholesale Club/Supercenter
124312,Elston Plaza,5033 N. ELSTON AVE,Retail Store
124911,Point at Clark,3131 N Clark St,Strip Mall
124961,3335 W Diversey Ave AKA 2769-2789 N Milwaukee Ave,3335 W Diversey Ave,Multifamily Housing
125013,West Chatham Plaza,122 - 160 W. 79th,Strip Mall
125048,"Sunshine Enterprise, LLC - Series II (218 S Wabash)",218 South Wabash,Office
125148,Shop & Save Market - Archer,5829 S. Archer Ave.,Supermarket/Grocery Store
125204,Reside on Morse,1340  W MORSE AVE,Multifamily Housing
125235,53100527--CHICAGO,2021 W Chicago Ave,Supermarket/Grocery Store
125543,Lincoln Village 1,6101-6133 North Lincoln,Strip Mall
125763,4235,7050 S Pulaski,Retail Store
125766,11414 S HALSTED ST,11414 S HALSTED ST,Supermarket/Grocery Store
125859,730 Michigan Avenue,730 North Michigan Avenue,Other - Mall
126126,Pete's Kedgie,4700 S. Kedgie,Supermarket/Grocery Store
126141,839 W. 79th,839 W. 79th Street,Office
126258,Belmont and Central; A&G Fresh Market,5630 W Belmont Ave,Supermarket/Grocery Store
126411,Jenel Management Corp,25 E Oak St,Other - Mall
127031,"03546AS - Chicago, IL",424 W Division St,Supermarket/Grocery Store
127047,669 North Michigan,663-735 N. Michigan Ave.,Retail Store
127068,Halsted Plaza,801- 831 W. 119th St.,Strip Mall
127079,35 N. State,35 N. State,Retail Store
127778,Ridge Place Apartments,7115-7129 N Ridge Blvd,Multifamily Housing
127877,Howard & Western Shopping Center,7510-7578 North Western Avenue,Strip Mall
127990,California Gardens Rehabilitation Center,2829 S CALIFORNIA BLVD,Senior Living Community
128088,Fairmont Care Center,5061  N PULASKI RD,Senior Living Community
128170,,1301 1311 W FLETCHER ST,Multifamily Housing
128292,Dunning SOuare,6408-6500 West Irving Park Road,Strip Mall
128321,Linden House of Chicago,2315 W. Lemoyne Ave.,Multifamily Housing
128724,Broadview Hall,5540  S HYDE PARK BLVD,Multifamily Housing
128798,MacLean Center,112 S. Michigan Ave.,College/University
128800,Lurie Children's Faculty Office Building,155 E. Superior Street,Office
128905,Clayton Residential Home Inc,2026 North Clark Street,Residential Care Facility
128978,"Woodbridge Nursing Pavilion, Ltd",2242 N Kedzie Blvd,Senior Living Community
129245,The Millworks Condo Association,2011 W. Belmont Ave.,Multifamily Housing
129303,"03441AS - Chicago, IL",2940 North Ashland,Supermarket/Grocery Store
129344,Oakley Lofts Condominium Association,2300 2308 W DIVERSEY AVE,Multifamily Housing
129398,Webster Place Shopping Center,1435 - 1471 W Webster Ave,Movie Theater
129459,2430 N Halsted,2430 N Halsted Street,Laboratory
129621,Chalet Living and Rehab,7350 N. Sheridan Rd.,Senior Living Community
129652,1247-1249 West Madison LLC,1239-1259 W Madison St,Multifamily Housing
129735,Elevate Care Villa of Wndsor,2649 E 75th Street,Senior Living Community
129920,The Thompson Building,350 N. Clark St.,Office
130162,Freehand Hotel Chicago,19 East Ohio,Hotel
130168,Garfield Park Behavioral Hospital,520 N. Ridgeway,Other - Specialty Hospital
130379,,444 N WABASH AVE,Office
130442,210-220 N Green St.,210 N Green Street,Office
130453,833 West Jackson,833 West Jackson,Office
130553,,4700 N MARINE DR,Medical Office
130634,Academy of General Dentistry,560 - 566 W. Lake,Office
130726,"768 West Jackson, LLC",768 W. Jackson Blvd.,Multifamily Housing
130758,The Regal,651 S. Wells,Multifamily Housing
130882,,832 854 W FULTON MARKET,Mixed Use Property
130910,Wicker Park Commons 130910,1279 N. Milwaukee Avenue,Other - Mall
131155,217 N. Jefferson,217 N. Jefferson,Office
131236,CH1,427 S. Lasalle`,Data Center
131291,29 N Wacker Dr,29 North Wacker Dr,Office
131375,"BAI Century, LLC",2828 N. Clark St.,Enclosed Mall
131481,Evangelical Covenant Church,8303 W Higgins Rd,Office
131633,Fulton-Loomis-Carroll Condominium Association,1400 W. Fulton St.,Office
131906,Parkshore Estates Nursing & Rehabilitation Center,6125 S Kenwood Ave,Senior Living Community
131935,Continental Nursing & Rehabilitation Center,5336 N. Western Avenue,Senior Living Community
132017,1300 Dearborn,1300 1310 N DEARBORN ST,Retail Store
132117,1914 - DAN RYAN,200-232 W 87th St,Retail Store
132118,CC Care (Community Care Center),4314 S. Wabash Ave.,Senior Living Community
132207,CITY NORTH 14,2600 N Western Ave,Movie Theater
132278,605 N Michigan Ave,605 N Michigan Ave,Office
132408,Sheridan Shores Nursing Rehabilitation,5838 N. Sheridan Rd.,Senior Care Community
132489,,4537  S DREXEL BLVD,Multifamily Housing
132533,"Elston Industrial lofts, Llc",1737-1747 N Elston/ 1430-1454 W Willow,Mixed Use Property
132551,"Aunt Martha's Youth Service Center, Inc.",5001-5013 S. Michigan Avenue,Other - Services
132594,McKinley Park Lofts Condominium Association,2323 W Pershing Rd,Multifamily Housing
132798,8501 West Higgins Rd Chicago IL,8501 West Higgins Road,Office
132821,2550 S Wabash,2550 S Wabash Ave,Multifamily Housing
132823,Bria of Forest Edge,8001 S Western Ave,Senior Living Community
132870,70800570 -- Dan Ryan,112 W 87st,Supermarket/Grocery Store
132904,4801 W. Peterson Ave,4801 W Peterson Ave,Office
133059,Plaisance Apartments,6104 S. Woodlawn Ave,Multifamily Housing
133159,Lurie Children's Lincoln Park Outpatient Center - Deming,467 W Deming Pl,Mixed Use Property
133242,,1444  N ORLEANS ST,Multifamily Housing
133858,Cassidy Tire,344 N Canal St,"Repair Services (Vehicle, Shoe, Locksmith, etc.)"
133879,Medinah Temple,600-820 N. Wabash St.,Retail Store
133957,Capitol Hill Lofts,625 W Jackson,Multifamily Housing
134126,1111 N. Clark St.,1111 N. Clark St,Vehicle Dealership
134136,171 West Oak Street,171 West Oak Street,Multifamily Housing
134280,The Altgeld Commons Lofts Condominium Association,2512 N. Bosworth Ave.,Multifamily Housing
134363,Devon Executive,4001 W Devon Ave,Office
134421,Market Place at Six Corners 10361,4612 - 4730 W Irving Park Rd,Other - Mall
134516,333 S Des Plaines (333 S. Des Plaines),333 S. Des Plaines,Multifamily Housing
134533,645 North Michigan,645 North Michigan Avenue,Office
134727,ELEVATE CARE CHICAGO NORTH,2451 West Touhy Avenue,Senior Living Community
134735,Searle Chemistry Laboratory,5715-35 S Ellis Ave,Laboratory
134741,1380,4730 W Irving Park Rd,Retail Store
134775,116 S. Michigan Ave.,116 S. Michigan Ave.,College/University
134776,University Club of Chicago,76 E Monroe St,Hotel
134779,CDM Center,243 S. Wabash,College/University
134783,Alice B. Sharp Building,37 S. Wabash Avenue,College/University
134790,The Loftrium,819 S Wabash Ave,Office
134792,Lightner Building,1006 S. Michigan Avenue,Office
134800,Dearborn Station,47 W. Polk Street,Other
134835,Fairbanks Lofts,900 902 S WABASH AVE,Multifamily Housing
134895,The RacOuet Club of Chicago,1365 N. Dearborn Parkway,Fitness Center/Health Club/Gym
134911,PCC - Chicago,643 North Orleans Street,Office
134953,,747 N LASALLE DR,Office
134982,616 Fulton Lofts Condominium Association,616 W. Fulton St.,Multifamily Housing
135007,IRI Global Headquarters,150 N. Clinton Street,Office
135032,350 N. LaSalle,350  N LaSalle St,Office
135050,Womans Athletic Club Chicago,626 Michigan Ave,Social/Meeting Hall
135060,American Library Association,40-50 E. Huron,Office
135080,537 S. Dearborn St.,537 S. Dearborn St.,Multifamily Housing
135082,Standard Club of Chicago,320 South Plymouth Court,Social/Meeting Hall
135103,6 West Hubbard,6 West Hubbard,Office
135113,57 63 W Grand Ave,57-63 W. Grand Ave.,Office
135134,The Boyce Building,500-510 N. Dearborn St.,Office
135179,300 West Grand Condominium Association,300-310 W. Grand Ave.,Multifamily Housing
135181,Kingsbury Orleans LP,350 W Hubbard Street,Office
135316,Belhaven Nursing & Rehabilitation Center,11401 S. Oakley Ave,Senior Living Community
135660,Webster Square Apartments,558 W WEBSTER AVE,Multifamily Housing
135716,"CP2, LLC",225 W Hubbard St,Other
135740,Linea Apartments,211 221 W LAKE ST,Multifamily Housing
135812,Bricktown SOuare (Farmer's Best Bldg),6420 W Fullerton,Strip Mall
136212,1155 E 60th Street,1155 East 60th St,College/University
136487,800 E 55th Building (800 E 55th St ),800 E 55th St,Medical Office
136830,Symphony of Bronzeville,3400 3428 S INDIANA AVE,Senior Living Community
136845,US Bank -- Englewood,815 W 63rd St,Office
136887,3594,5050 S Kedzie Ave,Retail Store
137063,West Point Plaza Venture LLLP,300 S Damen,Multifamily Housing
137104,15th Street Loft Condominium Association,1507 S State St,Multifamily Housing
137144,Union Health Service,1634 W Polk St,Medical Office
137157,LZ Products,2121 W 21st Street,Wholesale Club/Supercenter
137211,Skyline Michigan Condominium Association,1601 S Michigan Ave,Multifamily Housing
137212,Trevi SOuare Condominium Association,1439 S Michigan,Multifamily Housing
137292,Central Plaza Residential Home,321 North Central Avenue,Residential Care Facility
137334,Daily News Condominium Association,222 S Racine Ave,Multifamily Housing
137352,901 W Jackson,901 W Jackson,Office
137570,EuroFurniture,2145 W Grand Ave,Retail Store
137642,Chicago & Kedzie Plaza,800 N Kedzie Ave,Strip Mall
137657,Union Park Lofts Condominium Association,1327 W. Washington Blvd.,Multifamily Housing
137704,Vranas and Assoc. C/O Realty and Mortgage Co.,346 N Justine St,Office
137812,Integrys Group Division Street Facility,1241 West Division Street,"Repair Services (Vehicle, Shoe, Locksmith, etc.)"
138379,6200 N Hiawatha Ave,6200 N HIAWATHA AVE,Office
138514,Sullivan Athletic Center,2323 N. Sheffield Ave.,College/University
138605,"Kennedy Plaza BK, L.L.C.",3300 W Belmont Ave,Strip Mall
138730,Grand Blvd Plaza,5401 S WENTWORTH AVE,Strip Mall
138872,2367 W Logan,2367 West Logan Blvd,Other - Recreation
138874,Midtown Athletic Club,2020 W Fullerton,Fitness Center/Health Club/Gym
139602,4541 N. Sheridan,4541 N Sheridan,Multifamily Housing
140247,218 Irving Park,3443 W. Addison St.,Retail Store
140359,,312 328 N MAY ST,Multifamily Housing
140570,City View Tower at Randolph Condominium Association,720-726 W. Randolph St.,Multifamily Housing
140771,Affinity on North Ave.,551 W North Ave,Multifamily Housing
140794,The Parc Orleans Condominium Association Inc,1546 N. Orleans,Multifamily Housing
140901,2800 North Orchard Condominium Association,2800 N. Orchard St.,Multifamily Housing
140991,One East 15th Place Condominium,1529 S State St,Multifamily Housing
141031,"Sterling Condominium, The",4101-21 N Sheridan,Multifamily Housing
141122,Sheridan Court,6807 N Sheridan Rd,Multifamily Housing
141170,,900 920 W MADISON,Multifamily Housing
141321,950 W. Huron Condominium Association,950 W. Huron St.,Multifamily Housing
141524,Madison,939-949  W Madison Street,Multifamily Housing
142211,642 W. Addison Apartments,630-644 W. Addison St.,Multifamily Housing
142232,2424 N Clark St,2424 N Clark St,Multifamily Housing
142710,1606 1624 W Granville Ave / 6200 6248 N Clark St / 1605 1623 Thome Ave,1606 1624 W Granville Ave,Multifamily Housing
142759,Folio SOuare Condominium Association,124 W. Polk St.,Multifamily Housing
142943,420 W. Grand Condo Association (420 W. Grand Ave.),420 W. Grand Ave.,Multifamily Housing
144572,Yusho/Commercial Bldg.,5301-23 S. Kimbark Ave.,Multifamily Housing
145926,"MAM 7301 Sheridan, LLC",7301 N. Sheridan Rd.,Multifamily Housing
146019,Kimball Station,4730 N Kimball Ave,Multifamily Housing
146136,Reside on Barry,533 West Barry Avenue,Multifamily Housing
146828,"Greenglen Park Property, LLC",1373 West Greenleaf Ave,Multifamily Housing
146897,Vision Rentals,1624 W. Division St,Multifamily Housing
146958,,2601 2607 N MILWAUKEE AVE,Multifamily Housing
146962,Coliseum Park,1440 S. Wabash Avenue,Multifamily Housing
146965,1610 West Fullerton Condominium Assocation,1610-1620 W. Fullerton Ave.,Multifamily Housing
147516,Madison 901 Condominium Association,901 W Madison,Multifamily Housing
147565,Lakeside Lofts,2025  S INDIANA AVE,Multifamily Housing
147625,828 W Grace,828 W Grace,Multifamily Housing
147673,2301-2305 S Michigan,2301-2305 South Michigan Avenue,Multifamily Housing
147685,The 30 West Erie CA,30 W. Erie Street,Multifamily Housing
147738,,437  W DIVISION ST,Multifamily Housing
147816,6101 North Clark,6101 North Clark Street,Multifamily Housing
147834,"2620 Washington Master Tenant, LLC",2620 W. Washington Blvd,Multifamily Housing
147855,Printers Corner Condominium Association,170 W Polk Street,Multifamily Housing
147871,,4418 4424 N CLARK ST,Multifamily Housing
147895,,2472  W FOSTER,Multifamily Housing
148480,The Larrabee Condominium Association,865 N Larrabee St.,Multifamily Housing
148481,1154 W LUNT,7001-7013 N Sheridan,Multifamily Housing
148504,South Sauganash Condo Assoc (6000-6038 N. Cicero Ave.),6000 N. Cicero Ave,Multifamily Housing
148673,Teresa Roldan Apartment on Paseo Boricua,1154 N Campbell Ave,Multifamily Housing
149001,Alden Wentworth Rehabilitation & Health Care Center,201 W 69th Street,Senior Living Community
149143,The Residences at 950 West Monroe,950 W Monroe St,Multifamily Housing
149732,,1601  S STATE ST,Multifamily Housing
150175,The 1355 West Washington Boulevard Condominium Association,1355 W. Washington Blvd.,Multifamily Housing
150282,The Royalle Condominium Association,744 N. Clark St.,Multifamily Housing
150324,Contemporaine Condominium Association,201 W Grand Ave/516 N. Wells,Multifamily Housing
150992,4101-4113 N Kedzie Ave: 4113 North Kedzie Avenue,4113 North Kedzie Avenue,Multifamily Housing
151257,2758-2768 N Milwaukee Ave,2758-2768 N Milwaukee Ave,Multifamily Housing
151285,4651 N Greenview (ng55),4651 N Greenview Ave,Multifamily Housing
151835,,500 514 S LARAMIE AVE,Multifamily Housing
152061,,2606  N ELSTON AVE,Distribution Center
152378,C4901DRE (22116),4901 S Drexel Blvd,Multifamily Housing
155614,3447-3457 W Foster Avenue,3447-3457 W Foster Avenue,Multifamily Housing
156021,717 N Michigan Avenue,717 N Michigan Avenue,Other
156076,1340 S Damen Avenue,1340 S Damen Avenue,Office
156139,300 N Michigan,300 N Michigan,Other
156350,Silversmith Hotel & Suites - CSS,10 South Wabash Avenue,Hotel
156373,225 W. Ohio,225 W. Ohio,Office
156406,"The Shops on Wabash, LLC",17-23 N. Wabash,Office
156413,Wells Community Academy HS -CPS,936 N Ashland Ave,K-12 School
156414,De Diego Community Academy -CPS,1313 N Claremont Ave,K-12 School
156500,Flat Iron Building,1579 N. Milwaukee Avenue,Office
156536,"Sunshine Enterprise, LLC Series V (228 S Wabash)",228 South Wabash,Office
156543,Mentor Building,39 S STATE ST,Multifamily Housing
156549,601 South LaSalle,601 South Lasalle Street,Office
156557,"A&M 542 SOUTH DEARBORN, LLC",542 S Dearborn,Office
156576,Rice Building,815 W Van Buren,Office
156609,"3284-CHICAGO, IL (WICKER PARK)",1360 North Ashland Ave,Wholesale Club/Supercenter
156693,West Side Realty Corporation,1645 W. Jackson Blvd.,Medical Office
156696,"Film Exchange Lofts (1307 S Wabash Ave, Chicago)","1307 S Wabash Ave, Chicago",Multifamily Housing
156711,20 North Michigan Avenue,20 N. Michigan Ave,Office
156731,Seventy East,70 E. Lake Street,Office
156750,The Bush Temple,800-10 N Clark St,Multifamily Housing
156782,Chicago Medical Society,515 N Dearborn,Office
156829,St. Xavier University,3700 W. 103rd St.,College/University
156840,One Superior Place - CO (np52),1 W Superior St.,Multifamily Housing
156845,The Westin Michigan Avenue,909 North Michigan Avenue,Hotel
156854,Delaware Place Private Res (33 West Delaware Place ),33 West Delaware Place,Multifamily Housing
156856,Ascension Stone Professional Office Building,2800 - 2812 N Sheridan Rd,Medical Office
156868,21 W Goethe,21 W. Goethe Street,Multifamily Housing
156871,,850 858 N LAKESHORE DR,Multifamily Housing
156874,Warren Barr Gold Coast,66 W. Oak Street,Senior Living Community
156876,Newberry Library,60 W. Walton,Library
156879,Morningside North Apartments,170 W Oak St,Senior Living Community
156891,Olympia Centre,737 N Michigan,Mixed Use Property
156900,6160 N Cicero,6160 N CICERO AVE,Office
156942,Burton-Judson Courts,1005 East 60th Street,Residence Hall/Dormitory
156999,Lenart,8101 S Lasalle St,K-12 School
157011,Little Village Multiplex,3120 S Kostner Ave,K-12 School
157100,1601 W Division LLC,1611 W Division St,Multifamily Housing
157152,The Metro,1200 W. Monroe St.,Multifamily Housing
157158,CHI1 - Chicago DC1,2800 S. Ashland Ave,Data Center
157159,The Maxwell     BU#21157,1100 S Canal Street,Strip Mall
157161,909 W. Washington Condo,909 W. Washington Blvd,Multifamily Housing
157165,Las Americas Apartments,1611 S. Racine Ave,Multifamily Housing
157208,400 South Jefferson - OPI,400 South Jefferson Street,Office
157280,Noble SOuare Cooperative,1165 N Milwaukee,Multifamily Housing
157283,The MGI - MARS Global Services,"930 W Evergreen Ave, Chicago, IL 60642",Office
157287,Midwest Orthopaedics at Rush,1611 W HARRISON ST,Medical Office
157320,24 S. Morgan,24 South Morgan Street,Multifamily Housing
157346,East Park Tower,5242 S Hyde Park,Multifamily Housing
157347,Chicago Benchmarking: Blackhawk and British School,1460 N Halsted & 814 W Eastman,Medical Office
157348,Thomas F Flannery Apartments,1531 N Clybourn Ave,Multifamily Housing
157458,Midwest Apartments,6 N Hamlin,Multifamily Housing
157469,VB 1224 Lofts CA (1224 W. Van Buren),1224 W. Van Buren,Multifamily Housing
157587,Loretto Hospital,645 South Central Ave,Hospital (General Medical & Surgical)
157599,Dearborn Tower Condominium Association,1530 S State St,Multifamily Housing
157602,Prairie House at Central Station,1515 S. Prairie Ave,Multifamily Housing
157607,Hilliard Homes Limited Partnership (Senior),2111 S Clark,Multifamily Housing
157614,50 E 16th,50 East 16th St,Multifamily Housing
157618,Burnham Station Condo Assoc,61 W 15th St,Multifamily Housing
157767,Roosevelt HS,3436 W Wilson Ave,K-12 School
157832,Community First Medical Center,5645 West Addison St,Hospital (General Medical & Surgical)
157887,Beth Anne Residences,4952 W. Thomas,Multifamily Housing
157919,North Park Village Apartments,"5801 N. Pulaski Rd., Bldg. H",Residential Care Facility
157955,Hilton Chicago (CHICH),720 S. Michigan Avenue,Hotel
157964,HAROLD WASHINGTON LIBRARY,400 S. State St.,Library
157971,Michigan Avenue Lofts (910 S. Michigan Ave.),910 S. Michigan Ave.,Multifamily Housing
157975,Lake Meadows Building 9,501 E. 32nd Street,Multifamily Housing
157986,Le Meridien Essex Chicago,800 S Michigan Ave,Hotel
157988,Union League Club Of Chicago,65 W. Jackson,Hotel
157993,,343 S DEARBORN ST,Multifamily Housing
157997,Arc at Old Colony,37 West Van Buren St.,Multifamily Housing
158061,Anderson Point Apartments,5700 North Ashland Ave,Multifamily Housing
158083,Renaissance Ohare,8500 West Bryn Mawr Ave,Hotel
158088,Evangelical Lutheran Church in America,8765 W. Higgins Road,Office
158095,O'Hare Plaza II,8755 W HIGGINS RD,Office
158099,61480 - Galewood 14,5530 W Homer St,Movie Theater
158121,Chase Tower Chicago,10 S Dearborn St,Financial Office
158133,353 North Clark,353 North Clark Street,Office
158134,The Goodman Theatre,170 N Dearborn Ave,Performing Arts
158142,Lake Shore Plaza,445 E Ohio St,Multifamily Housing
158158,Travelodge by Wyndham Downtown Chicago,61 67 E HARRISON ST,Hotel
158184,33 West Monroe,33 W. Monroe Street,Office
158215,Wabash Building,425 S. Wabash Ave,Residence Hall/Dormitory
158219,Chicago Swissotel,323 East Wacker Drive,Hotel
158224,The Shoreham at Lakeshore East (sh324),400 E South Water St,Multifamily Housing
158227,Grand Plaza,540 N. State St,Multifamily Housing
158236,9672e-CHISR-Renaissance Chicago Hotel,1 West Wacker Drive,Hotel
158265,Randolph Tower City Apartments,188 W Randolph St,Multifamily Housing
158287,The Westin Chicago River North,320 N Dearborn St.,Hotel
158295,congress plaza hotel,520 S. Michigan Ave.,Hotel
158303,W Chicago Lakeshore,644 North Lake Shore Drive,Hotel
158304,Chicago-Downtown/Lakefront Embassy Suite,511 North Columbus Drive,Hotel
158307,(IL323)- Two River Place (720 N Larrabee),720 N Larrabee,Multifamily Housing
158316,Pendry Chicago,230 N Michigan Ave,Hotel
158336,"Fairmont Chicago, Millennium Park",200 N Columbus Dr,Hotel
158361,311GE-CHIWB-Downtown,30 East Hubbard At State Street,Hotel
158365,Chicago DT River North IL ES,600 N State St,Hotel
158380,Monroe Building,104 S Michigan Avenue,Office
158387,Courtyard Chicago Downtown Mag Mile,165 E Ontario St,Hotel
158391,Godfrey Hotel,127 w Huron,Hotel
158392,55 West Wacker Drive,55 West Wacker Drive,Office
158394,Michigan - 180 Property LLC,180 N Michigan,Office
158396,180 North Jefferson Apartments,180 North Jefferson Street,Multifamily Housing
158402,W CHICAGO - CITY CENTER,172 W Adams St,Hotel
158403,Illinois Institute of Technology- DTC,565 West Adams Street,College/University
158405,250 South Wacker Drive,250 S Wacker Dr,Office
158406,65 E Wacker Place,65 E Wacker Place,Office
158407,CCC District Office,226 West Jackson Blvd.,Office
158412,630 North Rush,630 North Rush,Mixed Use Property
158414,Old Republic Building,301 317 N. Michigan Ave.,Office
158420,Millennium on LaSalle (ml033),29 S La Salle St,Multifamily Housing
158422,"600 Fulton Owner, LLC",600 West Fulton,Office
158424,Virgin Hotels Chicago,203 209 N WABASH AVE,Hotel
158425,5042 - North Bridge Block 124 and 125,520 North Michigan Avenue,Hotel
158426,Hampton Inn & Suites Chicago - Downtown,33 W Illinois,Hotel
158429,623 S Wabash,623 S Wabash,College/University
158431,25650 - 600 North 9,600 N. Michigan Ave,Movie Theater
158433,Clinton Street Lofts,226 N Clinton Street,Multifamily Housing
158438,Realtor Building,430 N. Michigan Ave,Office
158453,The Buckingham,59 E. Van Buren,Residence Hall/Dormitory
158472,Metropolis,8 West Monroe Street,Multifamily Housing
158526,Chicago Marriott Downtown Magnificent Mile,540 North Michigan Avenue,Hotel
158630,Erie Centre Condo (Campus) (375-435 W Erie),375-435 W Erie,Multifamily Housing
158640,2000 N. Lincoln Park West,2000 N. Lincoln Park West; 2052 N. Lincoln Park West,Multifamily Housing
158644,Astor House,1340 N. Astor Street,Multifamily Housing
158646,Lincoln Park 2550 Condominium Association,2550 N Lakeview Ave,Multifamily Housing
158647,Ambassador House Condominium Association,1325 N State Parkway,Multifamily Housing
158651,1350-60 N LSD,1350 N Lake Shore Dr.,Multifamily Housing
158654,The Belden (tb28),2300 N Lincoln Park W,Multifamily Housing
158668,Edith Spurlock Sampson Apts,2720 N. Sheffield Ave,Multifamily Housing
158724,202,2200 S. Western Avenue,Supermarket/Grocery Store
158739,The Montrose (Pensacola) (ps49),4334 N Hazel St,Multifamily Housing
158740,Lakeview East Cooperative,707 W. Waveland Ave.,Multifamily Housing
158743,Buena Pointe Condominium,4350 N Broadway,Multifamily Housing
158774,Bethany Retirement Community,4950 N ASHLAND AVE,Senior Care Community
158780,4001 N. Ravenswood  LLC,4001 N Ravenswood,Other
158841,Sullivan HS,6631 N Bosworth Ave,K-12 School
158842,Flanner Hall-ID# 158842,1068 W Sheridan Rd,Mixed Use Property
158867,Windermere House,1642 E 56th Street,Multifamily Housing
158868,KCBD,900 E. 57th St,Laboratory
158873,Cloisters,5801 S Dorchester Avenue,Multifamily Housing
158874,Earl Shapiro Hall,5800 Stony Island Avenue,K-12 School
158958,Jackson Park Hospital,7531 S Stony Island Ave,Hospital (General Medical & Surgical)
159000,Harlan Comm Academy -CPS,9652 S Michigan Ave,K-12 School
159002,U.S. Bank -- Pullman Branch,1000 E 111th St,Office
159005,Corliss HS / Noble-Butler,821 E 103rd St,K-12 School
159044,Lidia Puchinska Apartments,838 N. Noble Street,Multifamily Housing
159091,Continental Plaza,1330 W 76th Street,Multifamily Housing
159099,Sofitel Chicago Water Tower,20 East Chestnut,Hotel
159100,1111 N. Dearborn Apartments,1111 N. Dearborn,Multifamily Housing
159103,Chestnut Tower (ch084),121 W Chestnut St,Multifamily Housing
159111,Aurora Chicago Lakeshore Hospital,4840 N. Marine Drive,Other - Specialty Hospital
159123,1516 N State Pkwy Condo (1516 N. State Pkwy.),1516 N. State Pkwy.,Multifamily Housing
159156,"AG One East Delaware Owner, LLC",1 East Delaware,Multifamily Housing
159245,Maple Pointe Apartments,150 W. Maple Street,Multifamily Housing
159247,Patrick F Sullivan Apts,1633 W Madison St,Multifamily Housing
159249,"Onni Atrium Apartments, LP",303 W. Division St,Multifamily Housing
159250,Van Buren Park Apartments,2045 W. Jackson Blvd,Multifamily Housing
159276,"Foxboro Properties, LLC",6201 S Emerald Dr,Other - Public Services
159283,401 South Clinton,401 S Clinton St,Office
159287,Scio at Medical District Apartments,901-903 S Ashland Ave,Multifamily Housing
159288,Atrio Apartments (md104),1926 1960 W HARRISON ST,Multifamily Housing
159298,YUSUF INDIANA,1911 S INDIANA AVE,Office
159302,,6640 50 W Belden Ave,Multifamily Housing
159310,Arrive Lex,2138 South Indiana Avenue,Multifamily Housing
159311,Park Michigan,1212 S. Michigan Ave.,Multifamily Housing
159312,2101 S. Michigan Apartments,2101 South Michigan Avenue,Multifamily Housing
159315,1401 South State - CO ss028,1401 S State Street,Multifamily Housing
159323,Minnie Riperton Apartments,4250 S. Princeton Ave,Multifamily Housing
159326,Hilliard Homes Phase II Limited Partnership (Family),2030 S State St,Multifamily Housing
159411,1130 South Michigan,1130 S Michigan Ave,Multifamily Housing
159415,Astoria Tower,8 E 9th Street,Multifamily Housing
159416,AMLI 900,900 S Clark St,Multifamily Housing
159417,Lake Meadows Building 8,401 E 32nd Street,Multifamily Housing
159418,"Third Prairie Shores, LLC",3001 South King Dr,Multifamily Housing
159419,"Fifth Praire Shores, LLC",2801 S King Drive,Multifamily Housing
159421,Lake Meadows 7,400 E 33rd St,Multifamily Housing
159423,Lake Park Manor,3601 3645 S LAKEPARK AVE,Multifamily Housing
159424,"Second Prairie Shores, LLC",2951 S King Dr,Multifamily Housing
159425,Lawless Gardens,3510 S RHODES AVE,Multifamily Housing
159494,Presence Resurrection Retirement Community,7262 W Peterson Ave,Multifamily Housing
159510,Presidential Towers (ps19;presto),555 West Madison St,Multifamily Housing
159513,Atwater Apartments (gl31) (tz40),355 East Ohio Street,Multifamily Housing
159524,North Harbor Tower (nr021),175 N Harbor Dr,Multifamily Housing
159525,Columbus Plaza Venture LLC,233 E Wacker Drive,Multifamily Housing
159528,Echelon Chicago,353 N Desplaines,Multifamily Housing
159529,"00620-Chicago, IL",700 N Michigan Avenue,Retail Store
159533,Alta at K Station,555 West Kinzie,Multifamily Housing
159534,420 East Ohio - CO (hs62),420 East Ohio,Multifamily Housing
159537,"DT Chicago Magnificent Mile, IL-SV",300 E Ohio Street,Hotel
159560,Eugenie Terrace on the Park (gn037),1730 N Clark St,Multifamily Housing
159561,2555 North Clark,2555 North Clark,Multifamily Housing
159564,,65 E SCOTT ST,Multifamily Housing
159565,The Warwick Condominium Association (1501 N State Parkway),1501 N State Parkway,Multifamily Housing
159567,The Kent Apartments,2625 N Clark St,Multifamily Housing
159571,2144 N. Lincoln Park Condominium Association,2144 N Lincoln Park West,Multifamily Housing
159573,The Patricians,401 411 W FULLERTON PKWY,Multifamily Housing
159594,Wrightwood III LLC,451 W Wrightwood Ave,Multifamily Housing
159637,Hawthorne House,3450 N Lake Shore Drive,Multifamily Housing
159639,00806-Brookdale Lake Shore Drive,2960 North Lake Shore Drive,Multifamily Housing
159646,339 W. Barry Condominium Association,337-339 W. Barry Ave.,Multifamily Housing
159647,The Van der Rohe,2933 N Sheridan Rd,Multifamily Housing
159649,Belmont Apartments,510 West Belmont Avenue,Multifamily Housing
159651,Wellington Condominium (360 W Wellington),360 W Wellington,Multifamily Housing
159652,3500 N Lake Shore,3500 N Lake Shore Drive,Multifamily Housing
159655,3000 North Sheridan,3000 North Sheridan,Multifamily Housing
159659,3130 N. Lake Shore Apartments,3130 N. Lake Shore Drive,Multifamily Housing
159661,00821-Brookdale Lake View,3121 North Sheridan,Multifamily Housing
159728,Lakeside SOuare Apartments,920 W Lakeside Place,Multifamily Housing
159729,Belle Plaine Apartments,820 W. Belle Plaine,Multifamily Housing
159733,Sheridan-Gunnison Apts.,4827 North Sheridan Rd.,Multifamily Housing
159735,Sheridan Plaza,4607 N. Sheridan Rd.,Multifamily Housing
159736,4848 North Winthrop Avenue,4848 North Winthrop Avenue,Multifamily Housing
159738,4100 Marine Dr,4100 N Marine Dr,Multifamily Housing
159739,Ella Flagg Young Apartments,4645 N. Sherdian Road,Multifamily Housing
159740,"Sunnyside Properties, LLC",840 W Sunnyside,Multifamily Housing
159745,Clarendon Court Apartments,4500 N Clarendon Ave,Multifamily Housing
159799,Park Edgewater Condominium Association,6101 N. Sheridan Road,Multifamily Housing
159800,Metropolitan Condominiums,5320 N Sheridan Road,Multifamily Housing
159807,Sheridan Tower,5650 N. Sheridan Rd.,Multifamily Housing
159810,Kenmore Plaza Tenants Association,5225 N Kenmore Ave,Multifamily Housing
159812,Horizon House (5733 N Sheridan Rd),5733 N Sheridan Rd,Multifamily Housing
159892,Promontory Corp (5530 South Shore Drive),5530 South Shore Drive,Multifamily Housing
159893,Island Terrace,6430 S Stony Island Ave,Multifamily Housing
159894,Oglesby Towers,6700 S OGLESBY AVE,Multifamily Housing
159896,Regents Park,5020-5050 S Lake Shore Drive,Multifamily Housing
159897,Shoreland,5454 S Shore Drive,Multifamily Housing
159898,Hyde Park Tower,5140 S Hyde Park Blvd,Multifamily Housing
159905,The Townhouse Apartments,7022 S South Shore Drive,Multifamily Housing
159924,Twin Towers Apartments LLC,1645-49 E 50th Street,Multifamily Housing
159936,7130 Cyril Court Apartments,7130 S. Cyril Ct.,Multifamily Housing
159954,AlgonOuin #6,1606 E. Hyde Park Boulevard,Multifamily Housing
159963,Northwest Home for the Aged,6840 N Sacramento Ave,Senior Living Community
159980,"73rd St Apts., LLC",7345 S. South Shore Drive,Multifamily Housing
159981,7447 South Shore LLC,7447 S. South Shore Drive,Multifamily Housing
159982,Mahalia Jackson Apt,9141 - 9177 S South Chicago Ave,Multifamily Housing
159983,Michigan Beach Apartments,7251 S. South Shore Drive,Multifamily Housing
159999,Lake Terrace Condominium Association,7337 S. South Shore,Multifamily Housing
160026,East Point Condominium Association,940 W Glenlake Ave,Multifamily Housing
160029,265-Senior Suites of Chatham,8300 S. Cottage Grove,Senior Living Community
160046,River Point,444 W Lake St,Office
160067,InterContinental,505 N. Michigan Ave.,Hotel
160070,777 Condominium (777 N Michigan Ave ),777 N Michigan Ave,Multifamily Housing
160082,"HLT Chicago O'Hare Airport, IL-SV",O'hare International Airport,Hotel
160085,The Clare,55 E Pearson St,Multifamily Housing
160099,The Peninsula Chicago,108 East Superior St.,Hotel
160105,1063 - Royal Sonesta Chicago Riverfront 71 E Wacker Drive - SVC,71 E Wacker Drive,Hotel
160130,One11 West Illinois,111 W. Illinois St.,Office
160134,"Charles A Beckett Associates, LP",400 E 41st St,Multifamily Housing
160137,IL0032ZZ-CHICAGO CUSTOMHOUSE,610 S Canal Street,Courthouse
160142,U.S. Cellular Plaza - 8430 _ Goby LLC,8430 West Bryn Mawr Avenue,Office
160151,Clargran,501-515 N. Clark St.,Hotel
160157,GX Property Owner LLC,2545 W Diversey Ave,Office
160163,The Imperial of Lincoln Park,1366 W Fullerton Ave,Senior Living Community
160179,The Kimpton Gray Hotel,39 S Lasalle St,Hotel
160184,29 East Madison LLC,29 E. Madison,Office
160186,Crowne Plaza Chicago Metro,733 W Madison St,Hotel
160196,The Art Institute of Chicago,111 South Michigan Ave,Museum
160197,Symphony Center,220 South Michigan Avenue,Performing Arts
160198,The Blackstone Hotel,636 South Michigan Avenue,Hotel
160208,IN0035-21C Museum Hotel Chicago,55 E Ontario St,Hotel
160211,633 N St. Clair,633 N St. Clair,Office
160217,,201 N State St,Hotel
160219,Golden Mile Hotels,2 W Erie Street - 660 N State Street,Hotel
160229,1700-GGP Headquarters,110 N Wacker Drive,Office
160237,134 N. LaSalle LLC,134 N. Lasalle Street,Office
160241,Lake Meadows 6,500 E 33rd St,Multifamily Housing
160242,Chatham Park Village,737 E 83rd Place,Multifamily Housing
160243,Arkadia Tower (rk000),765 West Adams Street,Multifamily Housing
160244,No. 10 Urban Court Lofts,1040 W. Adams St.,Multifamily Housing
160246,Parkway Gardens,6415 S. Calumet Ave,Multifamily Housing
160248,Left Bank at K Station,305 N. Canal St,Multifamily Housing
160257,Elm Street Plaza Venture LLLP,1130 N. Dearborn,Multifamily Housing
160258,"Parkways, The (IL)",6718 S. East End,Multifamily Housing
160260,Axis Apartments & Lofts,441 E Erie St,Multifamily Housing
160262,Dearborn Homes,2960 S. Federal Street,Multifamily Housing
160264,K2 Apartments,365 N. Halsted St.,Multifamily Housing
160266,Parc Huron Apartments (pc15),469 West Huron Street,Multifamily Housing
160270,Grand Kingsbury LLC,520 N. Kingsbury,Multifamily Housing
160277,208 S La Salle Whole Building,208 S LaSalle St,Hotel
160278,"Fourth Prairie Shores, LLC",2851 S King Drive,Multifamily Housing
160279,Millennium Park Plaza,151-155 N Michigan Ave,Multifamily Housing
160283,The Streeter - Village Green,345 E Ohio St,Multifamily Housing
160284,1251/1255 S. Michigan,1251/1255 S. Michigan Avenue,Multifamily Housing
160285,Michigan Avenue Associates LLC,2001 S Michigan,Multifamily Housing
160286,Rosenwald Courts,4648 South Michigan Avenue,Multifamily Housing
160287,,826 W Montrose Ave,Multifamily Housing
160293,33 West Ontario Street,33 W Ontario St.,Multifamily Housing
160294,1600 Museum Park,1629 S Prairie Ave,Multifamily Housing
160296,The Pavilion,5441 N. East River Road,Multifamily Housing
160297,Roosevelt Collection,150 W Roosevelt Rd,Mixed Use Property
160299,"OneEleven (nl025, nl026)",111 West Wacker Drive,Multifamily Housing
160300,750 N. Rush,750 N. Rush,Multifamily Housing
160304,The Tides at Lakeshore East (td016),360 E South Water St,Multifamily Housing
160305,550 St. Clair Condominium,550 N St. Clair St,Multifamily Housing
160319,500 Lake Shore Drive,500 Lake Shore Drive,Multifamily Housing
160321,Coast at Lakeshore East,345 E. Wacker Drive,Multifamily Housing
160322,210 N Wells St,210 N Wells St,Multifamily Housing
160323,One Place Condominium Association,1 East 8th Street,Multifamily Housing
160325,G & A Senior Residence at Eastgate Village,300 E. 26th Street,Multifamily Housing
160326,1010 W 35Th St,1010 W 35th St,Office
160329,Lafayette Plaza Housing Cooperative,50 W 71st St,Multifamily Housing
160330,Pullman Wheelworks,901 East 104th Street,Multifamily Housing
160336,Congressman George W. Collins Apts,1401 S Blue Island Avenue,Multifamily Housing
160341,247 East Chestnut Condominium Association,247 East Chestnut,Multifamily Housing
160342,The Seneca,200 E Chestnut Street,Multifamily Housing
160343,100 W. Chestnut St.,100 W. Chestnut St.,Multifamily Housing
160345,Lake View Towers,4550 N. Clarendon Ave.,Multifamily Housing
160347,Dwight Lofts (dw26),642 S Clark St,Multifamily Housing
160348,(ILCH720) - Burnham Pointe [external],720 S. Clark Street,Multifamily Housing
160349,AMLI Lofts Clark (ml76),850 South Clark Street,Multifamily Housing
160354,Asbury Plaza Venture LLLP,750 N. Dearborn,Multifamily Housing
160355,1133 N. Dearborn Apartments,1133 N. Dearborn,Multifamily Housing
160363,Flair Tower,222 W. Erie Street,Multifamily Housing
160368,River Bank Lofts Condominium Association,550 N. Kingsbury St.,Multifamily Housing
160369,Jackson Park Terrace,6040 S Harper Avenue,Multifamily Housing
160370,Granville Courts Condo Association,2025 W Granville Ave,Multifamily Housing
160372,AMLI River North,71 West Hubbard St,Multifamily Housing
160373,360 W Hubbard Joint Venture LLC,360 W Hubbard Street,Multifamily Housing
160375,West 77 (we045),77 West Huron Street,Multifamily Housing
160379,Aston -CO (pt64),200 E Illinois St.,Multifamily Housing
160381,Cortland River North (kw021),220 W Illinois St,Multifamily Housing
160383,,2631 S Indiana Ave,Multifamily Housing
160388,EnV Chicago (nv091) (nv092),161 W Kinzie Street,Multifamily Housing
160392,1120 N. LaSalle Apartments,1120 N. Lasalle,Multifamily Housing
160394,1020 W Lawrence,1020 W Lawrence Ave,Multifamily Housing
160395,Aztec Condominium,305 W Fullerton Pkwy,Multifamily Housing
160397,ABLA/Brooks Homes,1324 S. Loomis Street,Multifamily Housing
160399,Cityfront Place - 400 N McClurg Ct,400 N Mcclurg Ct,Multifamily Housing
160411,Northpoint,7717 North Paulina,Multifamily Housing
160412,Baumhart Hall-ID#160412,26 E Pearson,Residence Hall/Dormitory
160414,Cambria Hotel,32 W RANDOLPH ST,Hotel
160419,Caroline Hedger Apartment,6400 N. Sherdian Rd,Multifamily Housing
160422,Hotel Palomar Chicago,505 N State St,Multifamily Housing
160425,Chestnut Place Apartments,850 North State Street,Multifamily Housing
160427,Vista Homes Building Corporation,5830-44 S. Stony Island Ave.,Multifamily Housing
160429,Academy SOuare Senior,318 S Throop St,Multifamily Housing
160434,MDA City Apartments,63 E Lake St,Multifamily Housing
160436,The Bernardin,747 N Wabash Ave,Multifamily Housing
160438,155 North Wacker,155 N. Wacker,Office
160444,1225 Old Town  (12104),1225 N Wells St,Multifamily Housing
160445,Cobbler SOuare Lofts (cO34),1350 Wells St,Multifamily Housing
160448,606 E Woodland Park Avenue,606 E Woodland Park Avenue,Multifamily Housing
160450,Sono East - CO (ss78),840 West Blackhawk Street,Multifamily Housing
160451,50 East Chestnut Condominium Association,50 East Chestnut Street,Multifamily Housing
160453,Halsted Flats,3740 N. Halsted St.,Multifamily Housing
160454,River North Park (rv57),320 West Illinois St.,Multifamily Housing
160455,Infinite Chicago (nf04),28 E Jackson Blvd,Multifamily Housing
160954,Armour,950 E 59TH,Laboratory
161053,Santa Clara Hall-ID# 161053,1000-08 W Loyola Ave,Residence Hall/Dormitory
161103,618 S. Michigan,618 S. Michigan,College/University
161131,731 S Plymouth,731 S Plymouth,Multifamily Housing
161145,624 S Michigan,624 S Michigan,College/University
161147,72 E 11th St,72 E 11th St,College/University
161150,1104 S Wabash,1104 S Wabash,College/University
161181,Crowell 820 N. LaSalle,820 N. Lasalle,College/University
161204,Illinois College of Optometry,3241 S Michigan Ave,College/University
161225,Langford Elementary -CPS,6010 S Throop St,K-12 School
161305,Ninos Heroes,8344 S Commercial Ave,K-12 School
161628,Inter-American,851 W Waveland Ave,K-12 School
161872,Parkside,6938 S East End Ave,K-12 School
161901,Higgins,11710 S Morgan St,K-12 School
162083,Rowe Clark Math and Science Academy,3645 W. Chicago,K-12 School
162209,St. Edmund's Episcopal Church,6105 S Michigan Ave,K-12 School
162224,Catholic Theological Union - Academic and Conference Center,5416 S. Cornell Ave.,College/University
162258,Chicago City Day School,541 West Hawthorne Place,K-12 School
162296,Yeshiva Ohr Boruch,2828 W Pratt Blvd,K-12 School
162318,StStan_School,1255 N Noble St,K-12 School
162321,Latin School of Chicago Lower School,1529 N. Dearborn Pkwy,K-12 School
162325,Sweeting Center 860 N. LaSalle,820 N. Lasalle,College/University
162351,Resurrection College Prep High School,7500 W Talcott,K-12 School
162360,Jordan,7414 N Wolcott Ave,K-12 School
162409,Lutheran School of Theology at Chicago,1100 E 55TH ST,College/University
162430,Providence St. Mel School,119 S Central Park Blvd,K-12 School
163223,Salem Baptist Church of Chicago,10909 S Cottage Grove Ave,Worship Facility
163266,,4611 S ELLIS AVE,Worship Facility
163380,CHICAGO WEST LOOP (2781),1101 W Jackson Blvd,Retail Store
163619,Grand Ohio Condo (211 E. Ohio St.),211 E. Ohio St.,Multifamily Housing
163944,New Life Community Church Midway,5101 S Keeler Ave,Worship Facility
163996,St Vincent Depaul,2145 North Halsted,Pre-school/Daycare
164090,The Salvation Army Adult Rehabilitation Center,2258 N. Clybourn Avenue,Other - Lodging/Residential
164102,First Presbyterian Church of Chicago,6400 S. Kimbark Avenue,Worship Facility
164460,CICS Northtown,3900 W. Peterson Ave.,K-12 School
164512,The Salvation Army,506  N DESPLAINES ST,Office
164517,Saint Vincent Center,721 N Lasalle Street,Office
164537,Evangeline Booth Lodge / Family and Community Services,800 W Lawrence Ave,Hotel
164777,Professional Office Building,840 W. Irving Park Rd,Medical Office
164787,Advocate Beverly Center - 7767,9831 South Western Avenue,Medical Office
164922,Thorek Memorial Hospital,850 W. Irving Park Rd,Hospital (General Medical & Surgical)
164965,SCI-Sinai,2653 West Ogden Avenue,Medical Office
164980,WTTW 11 - Main Campus,5400 N. St. Louis,Office
164994,Fullerton Parkway Towers,415 W FULLERTON PKWY,Multifamily Housing
165020,Kingston Place,7435 S Kingston,Multifamily Housing
165062,Adler Planetarium,1300 S. Lake Shore Dr.,Museum
165143,Chicago Historical Society,1601 N Clark Street,Museum
165224,4635 W Leland Avenue AKA 4626 N Knox Avenue,4635 West Leland Avenue,Other - Recreation
165245,SmithVillage,2320 W 113th Place,Senior Living Community
165253,Chicago Lighthouse for the Blind,1850 W. Roosevelt Rd,Office
165269,"The Selfhelp Home, Inc.",908 W. Argyle St,Senior Living Community
165274,Hayes Manor Senior Apartments,1211 W MARQUETTE RD,Multifamily Housing
165328,2750 W Roosevelt Rd,2750 W ROOSEVELT,Residence Hall/Dormitory
165353,"04500AS - Chicago, IL",1340 S Canal St,Supermarket/Grocery Store
165425,Smith Senior Living,2320  W 113TH PL,Senior Living Community
165439,Spertus Institute for Jewish Learning and Leadership,610 S. Michigan Ave,College/University
165606,Museum of Contemporary Art,220 E. Chicago Avenue,Museum
165664,DANK Haus German American Cultural Center,4740 N Western Ave,Mixed Use Property
165717,Solheim Center 930 N. Wells,820 N. Lasalle,College/University
165722,"The Drake, IL-SV",140 East Walton Place,Hotel
165730,The Womens Treatment Center,140 N Ashland Ave,Residential Care Facility
165812,South Chicago Senior Housing,3039 E 91st Street,Multifamily Housing
165819,Washington Park SRO,5000 5016 S INDIANA AVE,Multifamily Housing
165827,The Renaissance Collaborative,3757 S Wabash Ave,Multifamily Housing
165924,Lincoln Park Plaza,600 W Diversey Pkwy,Multifamily Housing
166122,Rudolph,1628 W Washington Blvd,K-12 School
166134,John G Shedd Aquarium,1200 South Lake Shore Drive,Other
166264,University Center Chicago,525 S. State Street,Other - Lodging/Residential
166543,North & Kostner,4501 W. North Avenue,Retail Store
166547,School_HolyAngelsSchoolAnnex,750 E. 40th St.,K-12 School
166787,St. Peter's Church,110 W Madison St,Residence Hall/Dormitory
167479,Lincoln Park Commons Condominium Association,2650-2700 N. Clark St.,Mixed Use Property
167562,Lincoln Park HS,2001 N Orchard St,K-12 School
167641,Mason Elementary -CPS,4217 W 18th St,K-12 School
168174,Kelly HS,4136 S California Ave,K-12 School
168225,2970 North Sheridan,2970 North Sheridan,Multifamily Housing
168367,Digital Printer's Row,600 S Federal St,Data Center
168538,,401 465 E Illinois St,Multifamily Housing
171878,Josephinum Academy,1501 N Oakley Blvd,K-12 School
171880,Noble Street Lofts Condominium,515 N. Noble St.,Multifamily Housing
171886,North & Talman Elderly Apartments,1600 N Talman,Multifamily Housing
171887,1820 N Spaulding,1820 N Spaulding,Multifamily Housing
171924,207,4640 S. Halsted Street,Supermarket/Grocery Store
171972,Little Village Plaza,3045 - 3101 W. 26th St.,Enclosed Mall
171991,Parish_StMaryStaroftheSea,6449 S. Kilbourn Ave.,Other
171995,7000-7010 S. Pulaski Road,7000-7010 S. Pulaski Road,Strip Mall
172037,,1422 1424 W 47TH ST,Strip Mall
172051,Lawn Terrace Apartments,2601 W 63rd St,Multifamily Housing
172053,HighSchool_LeoHS,7901 S Sangamon St,K-12 School
172055,Catalyst-Maria,6727 S. California Avenue,K-12 School
172056,Anchor House,1230 W. 76th St,Multifamily Housing
172064,Ford City Condominium Association,4300  W FORD CITY DR,Multifamily Housing
172065,CICERO ANNEX,8101-8159 S. Cicero Ave,Strip Mall
172066,StBedetheVenerable_School,4440 W. 83rd St.,K-12 School
172069,,2940  W 87TH ST,Senior Living Community
172078,Morgan Park United Methodist Church,11030 S. Longwood Dr,Worship Facility
172103,21 East Chestnut Condominium Association,21 East Chestnut Street,Multifamily Housing
172106,55 W. Chestnut Apartments,55 W. Chestnut St.,Multifamily Housing
172110,1260 Dearborn,1260 N Dearborn,Multifamily Housing
172114,Latin School of Chicago Upper School,59 W. North BLVD,K-12 School
172115,999 Lake Shore Drive,999 N. Lake Shore Drive,Multifamily Housing
172124,"1165 Property Owner, LLC",1165 N Clark Street,Office
172126,Altgeld Club Condominium,1350 W Fullerton Ave,Multifamily Housing
172128,The Moody Memorial Church,1609 1641 N Lasalle Dr,Worship Facility
172129,73 East Elm Street Condominium Association,73 E Elm St,Multifamily Housing
172130,Canterbury Court Apartments,1220 N State Parkway,Multifamily Housing
172131,1765 N Elston Ave,1765 N. Elston,Office
172132,Interwest Chicago Hotel LLC dba Claridge House,1244 N Dearborn Parkway,Hotel
172137,Newberry Plaza Townhouse Owners Association,1000 N STATE ST,Multifamily Housing
172145,Mount Carmel High School,6410-28 South Dante Avenue,K-12 School
172151,6045 Kenwood Building,6045 S Kenwood Ave,Office
172154,Apostolic Church of God,6320 S Dorchester Ave,Worship Facility
172157,,437  E 60TH ST,Multifamily Housing
172167,Ironwood Court Apartments,6015 S. Indiana,Multifamily Housing
172181,Emmanuel Baptist Church,8301 S Damen Ave,Worship Facility
172221,Midway SOuare,5109 - 5151 S. Pulaski Road,Strip Mall
172252,Sacred Heart Home Inc,1550 S Albany Ave,Residential Care Facility
172253,Gateway Chicago West,3828 W Taylor St.,Residential Care Facility
172256,Fountainview Apartments,1333-39 S Independence Blvd,Multifamily Housing
172276,Sangamon Lofts Condominium Association,411 S. Sangamon St.,Multifamily Housing
172289,Luxe on Madison ~ lx015,1222 W Madison St,Multifamily Housing
172298,,122-134 S Aberdeen St,Multifamily Housing
172306,,900 910 W VANBUREN ST,Office
172318,Las Moradas Apartments,1307 N California,Multifamily Housing
172319,Smith Park Commons Condominium Association,2455 W. Ohio St.,Multifamily Housing
172343,T2613 - Chicago Division,1200 N Larrabee St,Retail Store
172347,River West Lofts,925 W Huron,Multifamily Housing
172379,Peerless Building,200 210 S Halsted St,Office
172380,850 West Adams Lofts Condominium Association,850 W. Adams St.,Multifamily Housing
172385,Marillac Soical Center,212 South Francisco Ave,Pre-school/Daycare
172387,Wrigley Global Innovation Center,1132 W BLACKHAWK ST,Office
172393,LEARN Charter School Herro Family Campus,3021 W Carroll Ave,K-12 School
172394,26 North Halsted,26 North Halsted,Office
172401,Harpo Studios,110 N Carpenter,Other - Entertainment/Public Assembly
172406,Oakley SOuare (St. Stephen's Terrace),2333 W. Jackson Blvd,Multifamily Housing
172423,1111 W. Division St.,1111 W. DIVISION ST.,"Repair Services (Vehicle, Shoe, Locksmith, etc.)"
172443,The Duncan,1515 W. Monroe St.,Multifamily Housing
172485,Westminster Condominium Association,36-50 N. Menard Avenue,Multifamily Housing
172495,1090,1601 N Harlem Ave,Retail Store
172500,Catalyst - Circle Rock,5608 W. Washington Blvd,K-12 School
172529,One East 14th Place,5 E. 14th Place,Multifamily Housing
172540,,4120  S INDIANA AVE,Multifamily Housing
172541,Tandem Lofts Condo Association,1631 S. Michigan Ave.,Multifamily Housing
172542,Lake Vista Apartments,1430 S. Indiana Ave.,Multifamily Housing
172544,Technology Business Center,3440 S. Dearborn Street,Office
172557,,3601 3613 S WELLS ST,Multifamily Housing
172565,,125  E 21ST ST,Multifamily Housing
172584,ASPIRA Early College High School,3986 W Barry Ave,K-12 School
172592,Hall Plaza West,4628 - 4650 W Diversey Ave,Strip Mall
172607,Marshfield Lofts,1740 N. Marshfield,Multifamily Housing
172608,Fullerton Plaza,1737-1829 W. Fullerton Avenue,Retail Store
172610,Riverpoint Center - 16281101,1730 W Fullerton Ave,Strip Mall
172611,StMaryAngels_School,1850 N Hermitage Ave,K-12 School
172613,,2720 2730 N Greenview Ave,Multifamily Housing
172617,Manchester Building Lofts Condominium Association,2033 2045 W CHARLESTON ST,Multifamily Housing
172627,St Paul House(2018),3800 N California Avenue,Senior Care Community
172640,232-Senior Suites of Washington Heights,848 W. 103rd Street,Senior Living Community
172641,Archer Heights Health Care LLC,4437 S. Cicero Ave.,Senior Living Community
172670,Bricktown SOuare (Ross Bldg),6560 W Fullerton Ave,Strip Mall
172679,Cook Brothers,1710 - 1740 N Kostner Ave,Retail Store
172685,Washington SOuare-North and Cicero Development LLC,4821-4951 W. North Avenue,Strip Mall
172693,The Buyer's Market Incorporated,4545 W. Division St.,Enclosed Mall
172703,Rickover Military HS,5700 W Berteau Ave,K-12 School
172705,,6456 6460 W BELLE PLAINE AVE,Multifamily Housing
172708,St. Mary of Providence,4200 N. Austin Ave,Mixed Use Property
172711,242-Senior Suites Chicago Wright Campus,4255 N Oak Pak Ave,Senior Living Community
172719,,3940  W BRYN MAWR AVE,Multifamily Housing
172725,"03442AS - Chicago, IL",4042 W. Foster Ave,Supermarket/Grocery Store
172759,Market SOuare Lofts Condominium Association,161 W Harrison,Multifamily Housing
172761,Cosmopolitan Lofts Condominium Association,1133 1137 S WABASH AVE,Multifamily Housing
172762,Printers Row Condominium Association,711 S Dearborn,Multifamily Housing
172765,The Oaks,820 South Park Terrace,Multifamily Housing
172771,Harrison Street Lofts Condominium Association,80 W. Harrison St.,Multifamily Housing
172772,Manhattan Building Condominium,431 S Dearborn St,Multifamily Housing
172783,,1369  E HYDE PARK BLVD,Multifamily Housing
172784,,555  E 33RD PL,Multifamily Housing
172786,The Woodlands of Bronzeville Condominium Association,619 645 E WOODLAND PARK,Multifamily Housing
172787,Lake Meadows Building 3,3240 S. Cottage Grove Ave,Multifamily Housing
172788,Lake Meadows Building 4,3440 S. Cottage Grove,Multifamily Housing
172789,Lake Meadows Building 5,3323 S. King Drive,Multifamily Housing
172797,888 South Michigan Condominium Association,888 S. Michigan Ave.,Multifamily Housing
172800,5110 S Kenwood,5110 S Kenwood,Multifamily Housing
172812,4336-44 S Drexel Blvd,4336-44 S Drexel Blvd,Multifamily Housing
172900,Victory Centre of Galewood,2370 N Newcastle Ave,Senior Living Community
173250,Clark Manor,7433 N. Clark Street,Senior Living Community
173322,Chatham Call Center,8560 S Cottage Grove Avenue,Office
173455,525 S. Dearborn St.,521-531 S. Dearborn St.,Multifamily Housing
173476,St. Demetrios Greek Orthodox Church,2727 W Winona St,Worship Facility
173487,Catherine Courts Condominium Association of Chicago (5306-5310 N. Chester Ave.),5306 - 5310 N. Chester Ave.,Multifamily Housing
173488,"F.H. Paschen, S.N. Nielsen & Associates, LLC",8734 W. Catalpa,Office
173492,Parkside SOuare Condominium Association,5501-5525 N. Chester Ave,Multifamily Housing
173494,Evelyn Lane Condominium Association,5332 N Delphia,Multifamily Housing
173495,StJuliana_School,7400 W Touhy Ave,K-12 School
173497,Shop & Save Market - Nagle,6312 N Nagle Ave,Supermarket/Grocery Store
173592,Fulton Court Townhome Association,640 W Fulton,Multifamily Housing
173594,19 South LaSalle Building,19 South LaSalle,Office
173597,Adlake Limited Partnership,320 W. Ohio,Office
173598,The Chicago Theatre,175 North State Street,Performing Arts
173612,Bell Federal Building,79 W Monroe St,Office
173615,5 N. Wabash,5 N. Wabash,Multifamily Housing
173617,105 W Madison,105 W Madison Street,Office
173618,318 W Adams Level Office LLC,318 W Adams,Office
173620,Horwitz & Co.,651 West Washington Blvd,Office
173622,444 W Jackson,444 W Jackson,Fitness Center/Health Club/Gym
173625,600 West Jackson Boulevard,600 West Jackson Boulevard,Office
173630,,111  W HURON ST,Hotel
173632,The Chicago Building,7 West Madison Street,Residence Hall/Dormitory
173635,Best Western River North Hotel,125 W. Ohio St.,Hotel
173639,Madison 123 Assoc LLC,123 W Madison St,Office
173642,230 East Ohio,230 East Ohio Street,Office
173646,South River Park Condominium Association,400 N. Clinton Street,Multifamily Housing
173655,ACME Hotel Company,15 E Ohio St,Hotel
173657,Chicago,1 West Washington St,Hotel
173658,212 West Superior Street,212 West Superior Street,Office
173671,133 N Jefferson,133 N Jefferson,Office
173683,The Ardus,676 N Lasalle Dr,Multifamily Housing
173687,"(IL554M) - Kinzie Station Condo, Mid (324 N. Jefferson Court)",324 N. Jefferson Court,Multifamily Housing
173702,Ambassador Hotel,1301 N State Parkway,Hotel
173708,2756-64 N. Pine Grove Ave.,2756-64 N. Pine Grove Ave.,Multifamily Housing
173710,1430 Lake Shore Drive Building Corporation,1430 N. Lake Shore Dr.,Multifamily Housing
173712,1155 West Armitage Condominium Association,1155 W Armitage Ave,Multifamily Housing
173713,2430 Lake View Avenue Building Corporation,2430 N Lakeview Ave,Multifamily Housing
173715,2738 N. Pine Grove,2738 N. Pine Grove Ave.,Multifamily Housing
173718,Shore Crest Apartments,420 W. Wrightwood Ave.,Multifamily Housing
173719,Francis W Parker School - Main Building,330 W Webster Ave,K-12 School
173723,1260 Astor Building Corporation,1260  N ASTOR ST,Multifamily Housing
173724,Arthur J. Schmitt Academic Center,2320 N. Kenmore,College/University
173725,,2140  N LINCOLN PARK West,Multifamily Housing
173730,Beachwalk Apartments,420 W. Fullerton,Multifamily Housing
173733,2336 N Commonwealth Condominium Association,2336 N Commonwealth Ave,Multifamily Housing
173751,Clark Street Investors L.L.C.,3134 N. Clark St.,Urgent Care/Clinic/Other Outpatient
173752,"Eddystone Condominium Homes, Inc.",421 W. Melrose St.,Multifamily Housing
173754,422 West Melrose,422 - 424 West Melrose Street,Multifamily Housing
173757,COakdale Towers,431 W. Oakdale,Multifamily Housing
173759,,3224 3244 N HALSTED ST,Multifamily Housing
173760,559 W. Surf,559 W. Surf,Multifamily Housing
173763,425 Roscoe,425-27 West Roscoe Street,Multifamily Housing
173764,Saint Luke Church & Academy,1500 W Belmont Ave,Other - Education
173766,3314 Lake Shore Condominium Association,3314  N LAKE SHORE DR,Multifamily Housing
173767,Reside at Belmont Harbor,426 West Belmont Avenue,Multifamily Housing
173768,813-31 West Waveland,813-831 West Waveland,Multifamily Housing
173769,541 Oakdale Assoc LLC,541 W Oakdale Ave,Multifamily Housing
173770,Broadway at Surf,2828-2868 N. Broadway,Other - Mall
173773,530 W. Diversey,530 W. Diversey Pkwy,Multifamily Housing
173774,2828 N Burling,2828 N Burling Street,Multifamily Housing
173804,The Covington,4600 N. Clarendon Ave.,Multifamily Housing
173805,Parvenu Condominium Association,1000 W. Leland Ave.,Multifamily Housing
173811,Park Harbor Condominium Association,3620 N. Pine Grove Ave,Multifamily Housing
173812,Coronado Condominium Association,3900 N. Pine Grove,Multifamily Housing
173817,Alden Lakeland Rehabilitation and Health Care Center,820 W LAWRENCE AVE,Senior Living Community
173818,"3838 North Broadway, LLC",3838 N. Broadway St.,Multifamily Housing
173819,American Asia,4851-4887 N. Broadway,Strip Mall
173821,Reside on Clarendon,4157 North Clarendon Avenue,Multifamily Housing
173831,Lakeview YMCA,3321-3333 N.Marshfield,Fitness Center/Health Club/Gym
173832,WGN Studios,2501 W BRADLEY PL,Office
173835,1900 Lawrence (lw030),1900 W Lawrence Ave,Multifamily Housing
173837,Black Ensemble Theater,4450 N Clark St,Performing Arts
173845,1338 West Argyle Street (wr80),1338-1354 W Argyle St,Multifamily Housing
173846,Chicago Campbell,3300 N Campbell Ave,College/University
173857,The Wyndham,5230-5244 N. Sheridan,Multifamily Housing
173858,Sullivan Center-ID# 173858,6339 N Sheridan Rd,Mixed Use Property
173861,5411 N Winthrop-CLK,5411 N Winthrop,Multifamily Housing
173863,Pomeroy,5650 N Kenmore Ave,Multifamily Housing
173868,1055 W Granville,1055 W. Granville Ave,Multifamily Housing
173870,Coronado Apartments LLC,1061 W. Rosemont Ave.,Multifamily Housing
173871,6334 N Sheridan Condominium Association,6334 N Sheridan Rd,Multifamily Housing
173872,North Shore Baptist Church,5244 N Lakewood Ave,Worship Facility
173874,The Denifer,5400 N. Kenmore,Multifamily Housing
173875,"6161-6165 N. Winthrop, L.L.C.",6165 N. Winthrop Avenue,Multifamily Housing
173880,The Morse Wolcott,6942-60 N Wolcott,Multifamily Housing
173883,1029-51 W North Shore LLC,1029-51 W. North Shore Ave.,Multifamily Housing
173884,Acero Schools - Cruz - Rogers Park,7416 N Ridge Rd.,K-12 School
173888,Bellarmine Hall-ID#173888,6610-28 N Sheridan Rd,Residence Hall/Dormitory
173907,Hampton House Condominiums,1715-1733 E. 53dr St.,Multifamily Housing
173908,5000 South Cornell,5000 South Cornell Ave,Multifamily Housing
173914,Jeffery Plaza,2101 E 71st St & 7131 S Jeffrey Blvd,Supermarket/Grocery Store
173915,The Flamingo,5500 S. Shore Drive,Multifamily Housing
173925,Hinds Laboratory,5734 South Ellis Avenue,Laboratory
173927,Cornell,5401 S Cornell Ave,Multifamily Housing
173930,Snell-Hitchcock,5709 Ellis Avenue,Residence Hall/Dormitory
173934,5316 S Dorchester,"5316 S Dorchester Ave,",Multifamily Housing
173935,6920 S Crandon,6920 S Crandon,Multifamily Housing
173948,8598 - LINCOLN & MCCORMICK,6211 N Lincoln Ave,Retail Store
173949,"Park Gables Apartment Homes, INC",2438-2484 W Estes Ave,Multifamily Housing
173951,Bernard Horwich JCC,3003 Touhy Ave,Mixed Use Property
173961,Chatham Park South Co-Op,660 E 85th Street,Multifamily Housing
173970,"0092AS - Chicago, IL",1655 E. 95th Street,Supermarket/Grocery Store
174002,Greenwood Place,1111-1135 E. 87th Street,Medical Office
174028,1201 W. Washington,1201 W. Washington Blvd.,Office
174123,Stewart Business Center,400 W. 76th Street,Office
174126,Pete's 118th,3454 3620 E. 118th Street,Supermarket/Grocery Store
174135,Times SOuare Apartments,869 Buena,Multifamily Housing
174155,Sovereign- ID#174155,1040  W GRANVILLE AVE,Multifamily Housing
174157,The Bridgeport Condominiums,3434 3464 S HALSTED ST,Multifamily Housing
174164,Madison Park Apartments,1380 E. Hyde Park Blvd,Multifamily Housing
174165,,5107 S. Blackstone Ave,Multifamily Housing
174167,,660 676 W IRVING PARK RD,Multifamily Housing
174182,Lewis Towers-ID# 174182,820 N Michigan Ave,Office
174184,King Syke LLC,2545 S King Drive,Medical Office
174200,1313 RANDOLPH STREET LOFTS,1313 W Randolph St,Multifamily Housing
174203,Somerset Place Apartments,5009 N Sheridan Rd,Multifamily Housing
174204,The Morgan at Loyola Station (tg80),1209 W Arthur Ave,Multifamily Housing
174206,The Ambassador Condominium Homeowners Association,1300 N State Parkway,Multifamily Housing
174209,Superior at LaSalle,150 W Superior St.,Multifamily Housing
174215,,3711  S VINCENNES AVE,Multifamily Housing
174221,025110 - Stony Island Plaza,1617-1754 E 95th St,Strip Mall
174228,Roscoe SOuare/ 90034,3330 N Western Ave,Strip Mall
174247,The Washington at Woodlawn Park,6154 South Rhodes Avenue,Multifamily Housing
174249,Ultra Foods,3250 W. 87th St,Supermarket/Grocery Store
174260,Bridgeview Bank Tower,4753 N Broadway,Multifamily Housing
174279,Diversey SOuare Phase 1 - TOTAL,3300 W Diversey Ave,Multifamily Housing
174289,770 N. Halsted St.,770 N. Halsted St.,Office
174294,351 W Hubbard Street,351 W Hubbard Street,Office
174306,540 North Lake Shore Drive Condominium (540 N Lake Shore Dr ),540 N Lake Shore Dr,Multifamily Housing
174321,The Shelby (sh457),2300 S Michigan Ave,Multifamily Housing
174323,Letterman Chicago,410 S Morgan St,Multifamily Housing
174498,TRIO - Abacus,660 W Wayman St,Multifamily Housing
175046,East Wrigleyview Village,737-47 Cornelia,Multifamily Housing
175053,5330 N Damen,5330 N Damen Ave,Multifamily Housing
175059,436-446 W. Diversey Pkwy.,430 W. Diversey,Multifamily Housing
175120,Polish Roman Catholic Union of America,984 N MILWAUKEE AVE,Museum
175157,,829 S WABASH AVE,Multifamily Housing
175172,Dr King Legacy Apartments,"3816 W. 16th St., Chicago, Il 60623",Multifamily Housing
175181,Cornerstone Apartments,747 East 47th St,Multifamily Housing
175185,Jeffery Building Inc.,1949 - 1959 E. 71st Street,Multifamily Housing
175198,Gunnison Street Lofts Condo Assoc,4840 N Broadway St,Multifamily Housing
175218,Renaissance Place at Hyde Park Condominium Association North,5200 S Ellis,Multifamily Housing
175223,,833 857 W FULTON MARKET,Multifamily Housing
175229,The Bostonian,4278  N HAZEL ST,Multifamily Housing
175231,Park Place on the Blvd,1118-1128 E. Hyde Park,Multifamily Housing
175232,Ivy at Carlson,1401 E Hyde Park,Multifamily Housing
175242,C5870LAK (22233),5870 W Lake St,Multifamily Housing
175244,Washtenaw on the Park,4755 N Washtenaw Avenue,Multifamily Housing
175255,,420  W MELROSE ST,Multifamily Housing
175257,,2255  S MICHIGAN AVE,Office
175258,New Mildred LLC,2900-2914 North Mildred Avenue,Multifamily Housing
175263,1725 West North Avenue Condominium,1725 W North Ave,Multifamily Housing
175264,Yusuf North,2753 W North Ave,Office
175272,401-417 East Oakwood Boulevard,401-417 East Oakwood Boulevard,Multifamily Housing
175281,"3740-3750 N. Pine Grove, LLC",3740 N. Pine Grove Ave.,Multifamily Housing
175291,Sheridan Pratt LLC,1200 W. Pratt Blvd. / 6800 N. Sheridan Rd.,Multifamily Housing
175292,Tree Studios,601-623 N. State St.,Retail Store
175294,540 Surf Building,540 West Surf Street,Multifamily Housing
175320,Holland Apartments,240 W 107th Pl,Multifamily Housing
175329,2040 Belmont LLC,2040 Belmont Ave,Multifamily Housing
175334,41-51 N Central Ave,41-51 N Central Ave,Multifamily Housing
175340,4310-22 N Clarendon,4310 4322 N CLARENDON AVE,Multifamily Housing
175346,Shops and Lofts at 47,747 E. 47th St,Multifamily Housing
175347,Much-Musikantow Co.,8001-07 S. Cottage Grove,Other - Public Services
175357,Schatz Building,610 N Fairbanks Ct,Retail Store
175358,Farwell Florence LLC,2232 W Farwell Ave,Multifamily Housing
175365,College of Education Building,2247 N. Halstead Ave.,College/University
175371,Renaissance Lofts,1791 W Howard Street,Multifamily Housing
175383,Chicago Metropolitan Housing Development Corporation,5152-5178 S. King Dr.,Multifamily Housing
175400,"740 N. Milwaukee, LLC",740 N. Milwaukee Ave.,Multifamily Housing
175411,"7350 S. Phillips, LLC",7350 S. Phillips,Multifamily Housing
175415,Parkview Residences,5920 N Ridge,Multifamily Housing
175421,7239 North Sheridan LLC,7219 N Sheridan Rd,Multifamily Housing
175431,5123-5135 S. University Ave.,5123-5135 S. University Ave.,Multifamily Housing
175441,Instituto Health Sciences Career Academy,2520 S Western Ave,K-12 School
175450,Goodman Theatre,56-60 W. Randolph St.,Office
175454,Signature Residences Condominium Association,207 East 31st Street,Multifamily Housing
175462,,741  E 79TH ST,Multifamily Housing
175470,1712-1720 W Albion Ave,1712-1720 W Albion Ave,Multifamily Housing
175472,Tower Lofts Condo,1601 West School Street,Multifamily Housing
175473,Ashland Devon Chicago EOuities: 6748 North Ashland Avenue,6748 North Ashland Avenue,Multifamily Housing
175474,West Side Realty Corporation,300 S. Ashland Ave.,Office
175475,Chicago and Midwest Regional Joint Board,333 S. Ashland Ave,Office
175477,1623 Belmont Ashland Assoc LP,1617-1633 W Belmont Ave,Multifamily Housing
175479,5858 N Broadway,5858 North Broadway Street,Multifamily Housing
175484,935 W. Chestnut,935 W. Chestnut,Office
175492,,3158 3184 N CLARK ST,Multifamily Housing
175495,House of Blues Chicago,329 N Dearborn St,Performing Arts
175506,112th Street Building,11203 S Ellis St,Office
175507,Elm II LLC,18 E Elm St,Multifamily Housing
175508,53100507--CHICAGO,5353 N. Elston,Supermarket/Grocery Store
175516,,2617 2625 W GUNNISON ST,Multifamily Housing
175523,222 West Hubbard Street,222 West Hubbard Street,Office
175526,Ingleside investment group,8101-25 S Ingleside,Multifamily Housing
175529,307 S Sangamon St,307 S Sangamon St,Office
175535,3100 S King Condominium Association,3100 S King Dr,Multifamily Housing
175539,6244-46 S King Drive,6244-56 S. King Drive,Multifamily Housing
175542,3260 North Lake Shore,3260 North Lake Shore Drive,Multifamily Housing
175545,NORTH CENTER 4000 CONDOMINIUM ASSOCIATION,4015 4027 N LINCOLN AVE,Multifamily Housing
175546,,2236 2296 N LINCOLN PARK WEST AVE,Multifamily Housing
175548,"Advocate Center, Chicago Bulls Training Facility",15 S. Wood Street,Other
175551,"00187AS - Chicago, IL",11730 S. Marshfield Ave.,Supermarket/Grocery Store
175553,229-Senior Suites-Austin,335 N. Menard Avenue,Senior Living Community
175572,3525 W. Peterson Avenue,3525 W Peterson Ave,Office
175579,Lakeside Terrace,7645 N Sheridan Rd,Multifamily Housing
175580,7200SSDR,7200-10 South Shore Drive,Multifamily Housing
175581,Kinzie State Condo Association,360 N State,Other
175590,Hampton Inn Chicago Downtown/N Loop/Michigan Ave,68 East Wacker Place,Hotel
175595,"714 -726 W. Waveland, LLC",714 N. Waveland Ave.,Multifamily Housing
175601,Elston & Logan Commercial Development,2705-2749 N. Elston,Strip Mall
175603,Gateway Centre 175603 Building A (Marshalls),1701-1741 W. Howard,Strip Mall
175658,,50  E 26TH ST,Multifamily Housing
175679,240 N Ashland Avenue,240 N Ashland Avenue,Office
175683,"3176AS - Chicago, IL",9400 S. Ashland Ave,Supermarket/Grocery Store
175686,,1001  W BELMONT AVE,Multifamily Housing
175692,"Hunter Properties, Inc. (1055 W. Catalpa Ave.)",1055 W. Catalpa Ave.,Multifamily Housing
175693,Central Park Apartments,4501-15 N. Central Park,Multifamily Housing
175711,2339 N. Geneva,2339 N. Geneva Terrace,Multifamily Housing
175725,7707 W Irving Park Road,7707 W Irving Park Road,Multifamily Housing
175727,130 S Jefferson,130 S Jefferson,Office
175728,808-12 Junior Terrace LLC,808-812 W. Junior Ter.,Multifamily Housing
175734,"Next Gateway, LLC",620 N Lasalle St,Retail Store
175735,The Resurrection Project - Casa Maravilla,2021 S Morgan St,Multifamily Housing
175736,"Lakeside Tower, LLC",910 W Lawrence Ave,Multifamily Housing
175740,Heartbreak Loftominium Association,17 N. Loomis St.,Multifamily Housing
175745,Aviation Lofts,1340 S Michigan Ave,Multifamily Housing
175747,Windy City South LLC,2036 S Michigan Ave,Multifamily Housing
175751,750 N Orleans Street,750 N Orleans Street,Office
175754,The Lofts at Gin Alley,120 N Green St,Multifamily Housing
175760,"7300 Venture, LLC",7300 S. South Shore Drive,Multifamily Housing
175777,,1217 1227 W WILSON AVE,Multifamily Housing
175785,The Brickyard,2532 - 2554 Narragansett,Strip Mall
175793,811 E. 46th,811 E. 46th St,Multifamily Housing
175808,Romanian Village,5154 N Clark St,Multifamily Housing
175813,The Mark Condominium Association,4260 N Broadway St,Multifamily Housing
175816,629 Cermak/2215 Ford,629 W Cermak Rd,Office
175817,BENCHMARK ID #175817,1450 N Cicero Ave,Other - Mall
175818,Chicago IL HL,1816 North Clark St,Hotel
175824,Academy at Drexel Court,6140 S Drexel Ave,Multifamily Housing
175825,Sutherland,4659 S. Drexel,Multifamily Housing
175826,East View Park Condominium,5423 5453 S EASTVIEW PARK,Multifamily Housing
175830,Riverfront Plaza,2647 N Elston Avenue,Strip Mall
175834,730 North Franklin,730 N Franklin St,Office
175837,,220  E GARFIELD BLVD,Multifamily Housing
175845,The Park Terrace,2451 W Howard St,Multifamily Housing
175850,10252-KBS Kingsbury SO.,1550 N. Kingsbury St,Supermarket/Grocery Store
175857,Lake Street Lofts LLC,900 910 912 W Lake St & 212 N Peoria St,Multifamily Housing
175858,,1201 1213 W LELAND AVE,Multifamily Housing
175867,Six Corners Plaza,3970 - 3982 N Milwaukee Ave,Strip Mall
175872,Piper's Alley,230 W. North Avenue,Mixed Use Property
175876,7121 7125 N Paulina,7121 7125 N Paulina,Multifamily Housing
175878,Tailor Lofts: 315 South Peoria Street,315 South Peoria Street,Multifamily Housing
175879,3941 N. Pine Grove Ave.,3941 N. Pine Grove,Multifamily Housing
175882,5220 S. Pulaski Road,5220 S Pulaski Rd,Other - Mall
175885,Lawndale Terrace,3158  W ROOSEVELT RD,Multifamily Housing
175887,444 West St. James LLC,444 W St James Pl,Multifamily Housing
175888,Beacon Lofts (203 S. Sangamon),203 S. Sangamon,Multifamily Housing
175889,The Scott Condominium Association,60-70 E. Scott St.,Multifamily Housing
175890,5400-5420 N Sheridan Rd Condo (5400-5420 N Sheridan Rd ),5400-5420 N Sheridan Rd,Multifamily Housing
175891,Lakefront Place Condo,6730 S South Shore Dr,Multifamily Housing
175894,Whitechapel Apartments,4900 N. Sheridan Rd,Multifamily Housing
175895,BVM Hall/SES-ID#175895,6364 N Sheridan Rd,Office
175896,Sheridan Lake,6415 N. Sheridan Rd.,Multifamily Housing
175898,Park Boulevard IIA - 3622 S State,3622 S State,Multifamily Housing
175899,211 N Stetson Avenue,211 N Stetson Avenue,Fitness Center/Health Club/Gym
175905,Benchmarking - HI Chicago Hostel,24 East Congress Parkway,Hotel
175907,Washington Courts Apts.,5424 West Washington,Multifamily Housing
175910,200 North Kenneth Apartments,4432 4444 W WEST END AVE,Multifamily Housing
175914,Hyatt Place Chicago / South,5225 South Harper Ave.,Hotel
175915,Steeple Center,4916-4938 S Kedzie Ave,Strip Mall
175927,The Mayfair,1660 E. 55th St,Multifamily Housing
175943,Chicago Teachers Union Foundation,1901 W. Carroll,Office
175949,"Target, Bedford Park (0841)",7100 S Cicero Ave,Retail Store
175953,Hotel Blake,500 S Dearborn Street,Hotel
175954,Walmart Supercenter #5617,4626 W. Diversey Ave.,Wholesale Club/Supercenter
175959,5100 Hyde Park Association,5100 Hyde Park Boulevard,Multifamily Housing
175960,The Versailles,5254 S. Dorchester,Multifamily Housing
175961,"A&M FULTON WEST, LLC",300 N Elizabeth,Office
175973,Winchester Hood Garden Homes Trust R-704,1940-60 W Hood Ave,Multifamily Housing
175975,626 West Jackson,626 West Jackson Boulevard,Office
175978,Autumn Green at Midway Village,6700 S. Keating,Senior Living Community
175979,245-Senior Suites Chicago Midway,6800 Keating Avenue,Senior Living Community
175981,860 West Evergreen,860 West Evergreen,Office
175984,Flats on LaSalle Condominium Association,1140 N LaSalle St,Multifamily Housing
175986,Condos at Monroe Place,1228 W Monroe Street,Multifamily Housing
175987,CH10 - Chicago South,11840 S Marshfield Ave,Office
175992,Halsted Pershing,815 W. Pershing Rd.,Other
175995,IL2125ZZ-OUINCY COURT BLDG,11 W Ouincy Court,Office
176009,Westgate Condominium Association (812 West Van Buren St),812 West Van Buren St,Multifamily Housing
176010,420 N Wabash Ave,420 N. Wabash Ave.,Office
176015,Wentworth Condos,2734 South Wentworth Avenue,Multifamily Housing
176020,Hyde Park Bank,1515 - 1531 E 53rd St,Office
176021,MetraMarket of Chicago,118 N. Canal Street,Mixed Use Property
176022,Gateway Centre 176022 Building B or 2 (Jewel),7451-7521,Retail Store
177315,Loftworks on Michigan,1919 S Michigan,Multifamily Housing
177806,5514 S. Cornell Condominium Association Inc,5514-5524 S Cornell Ave,Multifamily Housing
181840,30 E. Adams,30 E Adams,Multifamily Housing
182200,Del Prado,5301-5317 S. Hyde Park Boulevard,Multifamily Housing
188280,Blackwood,5200-5208 S. Blackstone Avenue,Multifamily Housing
200849,Sheridan Surf LLC,2850 N Sheridan Rd,Multifamily Housing
206858,3240 North Lake Shore Drive,3240 North Lake Shore Drive,Multifamily Housing
208356,Cameron,1234 N Monticello Ave,K-12 School
210090,,600 618 S WABASH AVE,Residence Hall/Dormitory
214742,The Whitney Condominium Association,1301 N Dearborn,Multifamily Housing
214929,Westhaven Park Tower,100 N HERMITAGE AVE,Multifamily Housing
216479,1122 N Dearborn,1122 N Dearborn,Multifamily Housing
219559,Jefferson Tower Condominium Association (200 N. Jefferson ),200 N. Jefferson,Multifamily Housing
221086,1500 Lakeshore Drive Building Corp.,1500 Lakeshore Drive,Multifamily Housing
221751,Appleville Condominium,501 W 24th Pl,Multifamily Housing
222150,"The Barry Condominium, Inc.",3100 N. Sheridan Rd.,Multifamily Housing
222552,Venetian Condominium Association,222-232 W. Division St.,Multifamily Housing
222598,Emerald Condo (123-125 S Green St.),123-125 S Green St.,Multifamily Housing
222707,Landmark Lofts Condominium Association,1516 South Wabash Avenue,Multifamily Housing
222943,University Park CA,1451 E. 55th Street,Multifamily Housing
223537,Catherine Courts Condominium Association of Chicago (5348-58 N. Cumberland Ave),5348-5358 N. Cumberland Ave,Multifamily Housing
224416,400 East Ohio Condominium Association,400 E Ohio Street,Multifamily Housing
224902,209 E Lake Shore Drive,209 East Lake Shore Drive,Multifamily Housing
226985,"7321 S. Shore Co-Operative Apts. Inc (7321 S. Shore Dr. Apt., )","7321 S. Shore Dr. Apt.,",Multifamily Housing
227382,Drake Tower Apartments,179 E LAKESHORE DR,Multifamily Housing
227642,Granville Beach Condominium Association,6171 North Sheridan Rd,Multifamily Housing
227696,Opera Lofts Condominiums,2545 S Dearborn,Multifamily Housing
227730,4300 Marine Drive Condominium Association,4300 N. Marine Dr.,Multifamily Housing
228455,Hemingway House Condominium Association,1850 N. Clark Street,Multifamily Housing
228537,201 East Chestnut Condominium Association,201 E. Chestnut,Multifamily Housing
229016,Fulton House Condominium Association,345 N. Canal St.,Multifamily Housing
229057,Park View Towers Condominium Association,2740 N Pine Grove Ave,Multifamily Housing
229402,State Place Condominium Association,1101 S State St,Multifamily Housing
229823,5040-60 Marine Drive Condominium Association,5040-5060 N Marine Drive,Multifamily Housing
229826,Waldorf Astoria Hotel,11 E Walton St,Hotel
230101,Tiara Home Owners Association,6145-6147 N. Sheridan Rd.,Multifamily Housing
230281,3430-40 N Lake Shore,3440 N. Lake Shore Drive,Multifamily Housing
231019,Aqua at Lakeshore East,225 N Columbus Dr,Multifamily Housing
231205,Cornell Village Tower Condominium Association,5201 South Cornell Ave,Multifamily Housing
231271,Two West Delaware (dt38),2 West Delaware Place,Multifamily Housing
231297,1000 Adams CA,1000 W. Adams Street,Multifamily Housing
231486,Waterford Condominium,4170 N Marine Drive,Multifamily Housing
231520,Lowell House Condominium Association,88 West Schiller,Multifamily Housing
231536,1212 N. Wells CA,1212 N Wells St,Multifamily Housing
231775,Quadrangle House,6700 S Shore Dr,Multifamily Housing
232062,Prairie District Homes Tower Residences Condominium Association,1717 S. Prairie,Multifamily Housing
232398,The Carlyle Apartments Condo (1040 N Lake Shore Dr ),1040 N Lake Shore Dr,Multifamily Housing
232458,Harper SOuare Housing Co-Op,4800 S. Lake Park Ave.,Multifamily Housing
232666,Transportation Building Condominium Association,600 S Dearborn St,Multifamily Housing
232841,222 E Pearson Condominium Association,222 E Pearson,Multifamily Housing
233452,Dearborn Elm Condominium Association,1155 N Dearborn,Multifamily Housing
233591,Forty East Cedar Condominium,40 E Cedar St,Multifamily Housing
233760,Park Newberry,55 W. Delaware Place,Multifamily Housing
233890,1464 S Michigan Condo Association,1464 S. Michigan Avenue,Multifamily Housing
233920,SoNo Condominium Association,860 W. Blackhawk Street,Multifamily Housing
234084,1530 Dearborn Parkway Association,1530 N. Dearborn Pkwy.,Multifamily Housing
234374,"(IL554-H) - Kinzie Station, Hi-Rise (330 N Jefferson Court)",330 N Jefferson Court,Multifamily Housing
234566,1410 North State Parkway Condominium Association,1410 N State Parkway,Multifamily Housing
234641,Winston Towers No. 2 Association,6833 N Kedzie Ave,Multifamily Housing
234740,Lakeside Tower Condo Association,1600 S Indiana Ave,Multifamily Housing
234748,Park Hyatt Chicago,800 N Michigan Ave,Multifamily Housing
234823,525 Hawthorne Place Condominium Association,525 W Hawthorne Place,Multifamily Housing
234838,Michigan Avenue Tower II Condominium Association,1400 South Michigan Avenue,Multifamily Housing
234885,3033 Sheridan Tower Condominium Association,3033 N Sheridan Rd,Multifamily Housing
234897,55 East Erie Condo (55 E Erie St ),55 E Erie St,Multifamily Housing
235008,The Deco (nl005),1400 N Lake Shore Dr.,Multifamily Housing
235137,2909 North Sheridan Condominium Homes,2909 N. Sheridan Rd.,Multifamily Housing
235438,Thorndale Beach North Condominium Association,5901 N Sheridan Rd,Multifamily Housing
235635,Hermitage on Huron Condominium (235635),70 West Huron Street,Multifamily Housing
235739,1000 Condominium Association,1000 North Lake Shore Plaza,Multifamily Housing
235845,The Elm at Clark,1122 N Clark St,Multifamily Housing
235970,5100 Marine Drive Condominium Association,5100 N Marine Dr,Multifamily Housing
236031,City Centre Condominium,208 W. Washington Street,Multifamily Housing
236345,The Private Residences at Ontario (10 E Ontario St),10 E Ontario St,Multifamily Housing
236366,1700 East 56th Street,1700 E 56th St,Multifamily Housing
236382,Randolph Place Residences Condominium Association,165 N Canal Street,Multifamily Housing
236480,Thorndale Beach South Condominium Association,5855 N. Sheridan,Multifamily Housing
236816,401 East Ontario Condominiums,401 East Ontario,Multifamily Housing
236822,21 W. Chestnut Condominium Association,21 W Chestnut St,Multifamily Housing
236913,Lake Park Plaza Condominium Association,3930 N. Pine Grove Ave.,Multifamily Housing
237018,Museum Park Lofts,125 E 13th St,Multifamily Housing
237359,Edgewater Beach Apartment Corporation,5555 N. Sheridan Road,Multifamily Housing
237373,One East Scott (237373),1 East Scott St.,Multifamily Housing
237384,Maple Tower Condo Association,1035 N Dearborn St,Multifamily Housing
237422,Kingsbury on the Park,653 N. Kingsbury Street,Multifamily Housing
237722,The Darien (3100 N. Lake Shore Drive),3100 N. Lake Shore Drive,Multifamily Housing
237798,The Stratford at South Commons Condominium Association,2605 S Indiana Ave,Multifamily Housing
238049,740 Fulton Condominium Association,740 W Fulton St,Multifamily Housing
238097,One One One Morgan,111 S Morgan St,Multifamily Housing
238266,(IL0679) The Fordham Condominium (25 E. Superior St),25 E. Superior St,Multifamily Housing
238355,Museum Park Tower 1 Condominium Association,1322 S. Prairie Ave,Multifamily Housing
238365,Vision on State Condominium Association,1255 S State Street,Multifamily Housing
238367,1300 Lake Shore Drive Condominium Association,1300 N Lake Shore Dr,Multifamily Housing
238480,5455 Edgewater Plaza Condominium Association,5455 N Sheridan Rd,Multifamily Housing
238554,336 Wellington Association,336 W Wellington,Multifamily Housing
238595,,3920 N LAKE SHORE DR,Multifamily Housing
238712,899 South Plymouth Court Condominium Association,899 S. Plymouth Court,Multifamily Housing
238747,1250 North Dearborn Street Condominium (1250 N Dearborn St ),1250 N Dearborn St,Multifamily Housing
238787,840 Lake Shore Condominium Association,840 N. Lake Shore Dr.,Multifamily Housing
238799,Sixty Thirty Condominium Association,6030 N Sheridan Rd,Multifamily Housing
238850,100 Bellevue Place,100 East Bellevue Place,Multifamily Housing
238910,Lake Point Tower Condominium Association (505 N. Lake Shore Drive),505 N. Lake Shore Drive,Multifamily Housing
238957,2626 Lakeview Condominium,2626 North Lakeview,Multifamily Housing
238973,Winston Towers One,6933 N Kedzie Ave,Multifamily Housing
239016,Avenue East Condominiums,160 East Illinois Street,Multifamily Housing
239042,400 North LaSalle Condominium Association,400 N. Lasalle Drive,Multifamily Housing
239078,801 S Plymouth Court,801 South Plymouth Court,Multifamily Housing
239096, Marina Towers (300 N State St),300 N State St,Multifamily Housing
239488,1111 S. Wabash Condominium Association,1111 S. Wabash,Multifamily Housing
239540,The Gold Coast (71 E Division St ),71 E Division St,Multifamily Housing
239630,Plaza 440 Private Residences,440 N. Wabash,Multifamily Housing
239679,Domain Condominium,900 N Kingsbury,Multifamily Housing
239695,1550 Condo Association (1550 N. Lake Shore Drive),1550 N. Lake Shore Drive,Multifamily Housing
239704,Renaissance Place at Hyde Park Condominium Association South,1000 E 53rd,Multifamily Housing
239739,1212 Lake Shore Drive Condominium,1212 N Lake Shore Drive,Multifamily Housing
239946,Metropolitan Tower Condo Association,310 S Michigan Ave,Multifamily Housing
239994,Park 1500 Loft (1500 W Monroe),1500 W Monroe,Multifamily Housing
240019,1555 Astor Condo (1555 N. Astor Street),1555 N. Astor Street,Multifamily Housing
240122,Six N. Michigan (6 N. Michigan),6 N. Michigan,Multifamily Housing
240215,757 Orleans at Chicago (757 N Orleans St),757 N Orleans St,Multifamily Housing
240284,2700 N. Hampden Court Condominium Association,2700 N. Hampden Ct.,Multifamily Housing
240299,The Pinnacle Condo (21 E. Huron St),21 E. Huron St,Multifamily Housing
240338,Lakeside on the Park Condominium Association,1250 S Indiana,Multifamily Housing
240400,4343 Clarendon Condominium Association,4343 N Clarendon Ave,Multifamily Housing
240429,The Buckingham Condominium Association,360 E Randolph Street,Multifamily Housing
240518,Museum Pointe Condominium (233 E 13th St ),233 E 13th St,Multifamily Housing
240540,Residences at Riverbend Condominium (333 N Canal St ),333 N Canal St,Multifamily Housing
240557,345 Fullerton Parkway Condominium Association,345 West Fullerton Parkway,Multifamily Housing
240573,Faulkner House Condominium Association,70 W Burton Place,Multifamily Housing
240752,200 N. Dearborn CA,200 N. Dearborn Street,Multifamily Housing
240842,200 East Delaware,200 E. Delaware Place,Multifamily Housing
240953,River Place on the Park Condo (700 N Larrabee),700 N Larrabee,Multifamily Housing
240956,Harbor Point,155 Harbor Drive,Multifamily Housing
240959,340 West Superior Condominium Association,340 W. Superior,Multifamily Housing
241007,ParkView at River East Condos (505 N McClurg Ct),505 N Mcclurg Ct,Multifamily Housing
241042,100 E Walton St,100 E Walton St,Mixed Use Property
241133,Vue20 Condo Association,1845 S. Michigan Ave,Multifamily Housing
241168,3900 Lake Shore Drive Condominium Association,3900 N Lake Shore Drive,Multifamily Housing
241377,Wells Street Tower Condominium Association,701 South Wells Street,Multifamily Housing
241405,Kinzie Park Tower Condominium Association,501 N. Clinton St.,Multifamily Housing
241410,The Brownstone Condominium Association,1440 N. State Parkway,Multifamily Housing
241533,565 West Ouincy Condo Association,565 West Ouincy,Multifamily Housing
241550,Lofts At Museum Park Condominium Association,1305 S. Michigan Ave.,Multifamily Housing
241747,Hampden Tower Condominium Association,2754 N. Hampden Ct.,Multifamily Housing
241767,340 on the Park,340 East Randolph Street,Multifamily Housing
241820,Park Millennium Condominium Association,222 N. Columbus Dr.,Multifamily Housing
241873,The Columbian Condominium Association,1160 S Michigan Ave,Multifamily Housing
241892,CityView Condominium Association (241892),440 North Mcclurg Court,Multifamily Housing
241915,474 North Lake Shore Drive,474 North Lake Shore Drive,Multifamily Housing
241989,30 East Elm Condominium Association,30 E Elm St,Multifamily Housing
242048,3550 N Lake Shore Drive,3550 N Lake Shore Dr.,Multifamily Housing
242148,Museum Park Place South (1841 S Calumet Ave),1841 S Calumet Ave,Multifamily Housing
242162,The Caravel,635 North Dearborn Street,Multifamily Housing
242172,Two East Oak Condominium Association (tw206),Two East Oak Street,Multifamily Housing
242188,345 N LaSalle Drive,345 N Lasalle Drive,Multifamily Housing
242236,University Station CA,1550 S Blue Island Ave,Multifamily Housing
242238,535 North Michigan,535 North Michigan Avenue,Multifamily Housing
242264,Malibu East Condominium,6033 N Sheridan Rd,Multifamily Housing
242279,1100 N. Lake Shore Condominium Association,1100 N LAKESHORE DR,Multifamily Housing
242313,3150 CA,3150 N Lake Shore Dr,Multifamily Housing
242359,1000 W Washington Blvd,1000 W Washington Blvd,Multifamily Housing
242510,The Residences at the Joffrey Tower Condo Association,8 E Randolph,Multifamily Housing
242537,James Kilmer Condo Association,1560 North Sandburg Terrace,Multifamily Housing
242554,3001 S Michigan,3001 S Michigan Ave,Multifamily Housing
242563,212 W Washington Condo,212 W Washington St,Multifamily Housing
242586,The Pearson,250 East Pearson St,Multifamily Housing
242605,850 Dewitt Place Condominiums,850 N Dewitt Place,Multifamily Housing
242629,Hollywood Towers Condo Association,5701 North Sheridan Rd.,Multifamily Housing
242633,530 North Lake Shore Drive,530 North Lake Shore Drive,Multifamily Housing
242635,R+D 659 Condominium (659 W Randolph St ),659 W Randolph St,Multifamily Housing
242638,411 W Ontario,411 W. Ontario Street,Multifamily Housing
242643,1400 Museum Park Condo (100 E 14th Street),100 E 14th Street,Multifamily Housing
242654,1660 N LaSalle CA,1660 N. Lasalle,Multifamily Housing
242655,Ten East Delaware,10 E Delaware,Multifamily Housing
242661,2921 S Michigan,3001 S Michigan Ave,Multifamily Housing
242732,The Residences at Hudson & Huron Condominium Association,451 W. Huron St.,Multifamily Housing
242901,Alcott and Bryant,1455-1460 North Sandburg,Multifamily Housing
242935,The New York Private Residences (242935),3660 N Lake Shore Dr,Multifamily Housing
243057,El Lago Condominium Association,6157 N. Sheridan Rd,Multifamily Housing
243071,1620 S. Michigan Ave Condo Association,1620 S. Michigan Ave,Multifamily Housing
243108,(IIL733) - 3600 Condominium (3600 N. Lake Shore Drive),3600 N. Lake Shore Drive,Multifamily Housing
243199,Montgomery on Superior Condominium Association,500 W. Superior,Multifamily Housing
243246,Eliot House Condominium Association,1255 N Sandburg Terrace,Multifamily Housing
243247,Ritchie Court Condominium Association,1313 N Ritchie Court,Multifamily Housing
243278,253 East Delaware Condominium Association,253 E Delaware Place,Multifamily Housing
243345,Shoreline Towers (6301 N. Sheridan Rd.),6301 N. Sheridan Rd.,Multifamily Housing
243527,RiverView Condominium Association,445 E North Water St,Multifamily Housing
243547,Admirals Pointe Condominium Association,645 N Kingsbury St,Multifamily Housing
243578,2400 Lakeview Condo (2400 N. Lakeview),2400 N. Lakeview,Multifamily Housing
243596,Imperial Towers,4250 N Marine Dr.,Multifamily Housing
243626,The Silver Tower Chicago Condominium Association,303 West Ohio Street,Multifamily Housing
243636,Winston Tower 3 Condominium Association,7061 N Kedzie,Multifamily Housing
243683,3950 N Lake Shore Drive CA,3950 N. Lake Shore Drive,Multifamily Housing
243690,The 400 Condominium Association,400 E. Randolph St.,Multifamily Housing
243692,5445 Edgewater Plaza Condominium Association,5445 N. Sheridan Rd.,Multifamily Housing
243703,The Newport CA,4800 S. Chicago Beach Drive,Multifamily Housing
243714,The Duplex Tower,6166 N. Sheridan Road,Multifamily Housing
243745,K SOuare Apartments (ks073),1749 N Wells St,Multifamily Housing
243773,680 North Lake Shore Drive,680 North Lake Shore Drive,Multifamily Housing
243776,1150 Condominium Association,1150 N. Lake Shore Dr,Multifamily Housing
243913,990 North Lake Shore Drive,990 North Lake Shore Drive,Multifamily Housing
243916,2930 Sheridan Tower Condominium Association,2930 N. Sheridan Rd.,Multifamily Housing
243920,Newberry Plaza Condominium Association,1030 N State Street,Multifamily Housing
243929,(IL1074) ParkShore Condominium (195 N. Harbor Drive),195 N. Harbor Drive,Multifamily Housing
243937,The Residences of 41 E. 8th Street,41 E. 8th Street,Multifamily Housing
244017,River Plaza,405 North Wabash,Multifamily Housing
244073,900/910 Lake Shore Drive,900 North Lake Shore Dr.,Multifamily Housing
244099,Trump,401 N. Wabash,Mixed Use Property
244102,River City,800 S. Wells Street,Mixed Use Property
244182,Park Place Tower I Condominium (655 W Irving Park Rd ),655 W Irving Park Rd,Multifamily Housing
244200,Michigan Avenue Tower Condominium Association,1250 S. Michigan Ave.,Multifamily Housing
244282,600 N Fairbanks Condo Association,600 N Fairbanks Ct. #1302,Multifamily Housing
244311,3750 N Lake Shore Drive,3750 N Lake Shore Drive,Multifamily Housing
244318,Edge Lofts & Tower Condominium Association,210 South Des Plaines Street,Multifamily Housing
244325,Winston Towers No. 4 Association,7033 N. Kedzie Ave,Multifamily Housing
244333,Huron Pointe Condo Assn ( 421 W. Huron St),421 W. Huron St,Multifamily Housing
244340,Winston Towers V Condominium Association,7141 N Kedzie,Multifamily Housing
244360,1720 South Michigan Condominium Association,1720 S Michigan,Multifamily Housing
244387,Regatta Condominium Association,420 E. Waterside Dr,Multifamily Housing
244426,Park Alexandria Condominium Association,125 South Jefferson Street,Multifamily Housing
244447,One River Place Condominium Association,758 N. Larrabee,Multifamily Housing
244449,30 East Huron Condominium Association,30 E Huron,Multifamily Housing
244503,5000 East End Condominium Association,5000 East End Ave.,Multifamily Housing
244523,933 Van Buren Condominium Association,933 W. Van Buren St.,Multifamily Housing
244534,One Museum Park East Condominium Association,1211 S. Prairie Private,Multifamily Housing
244535,Carl Sandburg Village Condominium Association No. 1,1355 N. Sandburg Terrace,Multifamily Housing
244550,2650 N Lakeview Avenue,2650 N Lakeview Avenue,Multifamily Housing
244592,Harbor View Condo Assoc (1901 S. Calumet),1901 S. Calumet,Multifamily Housing
244593,111 E Chestnut Condominium Association,111 E. Chestnut,Multifamily Housing
244600,One Museum Park West Condominium Association,1201 S Prairie Ave,Multifamily Housing
244613,Lofts and Fairbanks at CityFront Plaza,240 E. Illinois St.,Multifamily Housing
244747,Lancaster Condo Association,201 N. Westshore Drive,Multifamily Housing
244758,Americana Towers Condominium,1636 N. Wells,Multifamily Housing
244760,50 East Bellevue Condo Association,50 East Bellevue Place,Multifamily Housing
244791,Chandler (450 E Waterside Dr.),450 E Waterside Dr.,Multifamily Housing
244809,Malibu Condominium,6007 N. Sheridan Rd.,Multifamily Housing
244817,The Towers CA,1221 N Dearborn St,Multifamily Housing
244826,Park Tower Condominium Association,5415 N. Sheridan Rd.,Multifamily Housing
244931,Metropolitan Place Condo (130 S Canal St ),130 S Canal St,Multifamily Housing
245071,1440 N Lake Shore Drive (1440 N. Lake Shore Drive),1440 N. Lake Shore Drive,Multifamily Housing
250001,120 North LaSalle,120 North Lasalle Street,Office
250002,Arturo Velasquez Institute,2800 South Western,College/University
250004,Kennedy-King College,6301 South Halsted,College/University
250008,Dawson Technical Institute,3901 South State Street,College/University
250009,Malcolm X College,1900 West Van Buren Street,College/University
250014,Mann Park,2949 E 131st St,Other - Recreation
250015,Hamilton Park,513 W 72nd St,Other - Recreation
250016,Loyola Park,1230 W Greenleaf Ave,Other - Recreation
250017,Humboldt Park,1440 North Sacramento,Other - Recreation
250018,Douglas Park,1401 S Sacramento Dr,Other - Recreation
250019,Calumet Park,9801 S Avenue G,Other - Recreation
250020,Gage Park,2411 W 55th St,Other - Recreation
250021,Pulaski Park,1419 West Blackhawk,Other - Recreation
250022,Fosco Park,1312 S Racine Ave,Other - Recreation
250023,La Follette Park,1333 N Laramie Ave,Other - Recreation
250029,"Washington Park Fieldhouse, Trades, DuSable Roundhouse",5531 South King Drive,Museum
250032,California Park / McFetridge,3843 N California Ave,Other - Recreation
250033,South Shore Cultural Center,7059 South South Shore Drive,Other - Recreation
250034,Broadway Armory,5917 N Broadway Ave,Other - Recreation
250035,Austin Polytechical HS -CPS,231 N Pine Ave,K-12 School
250036,Bowen Environmental Studies HS -CPS,2710 E 89th St,K-12 School
250037,Brennemann,4251 N Clarendon Ave,K-12 School
250038,Brooks HS,250 E 111th St,K-12 School
250039,CICS - Larry Hawkins High School,801 E 133rd Pl,K-12 School
250040,Chicago Agriculture HS,3857 W 111th St,K-12 School
250041,Collins Academy High School,1313 S Sacramento Blvd,K-12 School
250042,Crane Achievement Academy -CPS,2245 W Jackson Blvd,K-12 School
250043,Fenger Achievement Academy -CPS,11220 S Wallace St,K-12 School
250044,Garvey Elementary -CPS,10309 S Morgan St,K-12 School
250045,Hyde Park Academy HS -CPS,6220 S Stony Island Ave,K-12 School
250046,Jones HS,700 S State St,K-12 School
250047,Julian HS -CPS,10330 S Elizabeth St,K-12 School
250048,Kennedy HS - Kinzie,6325 W 56th St,K-12 School
250049,Orr HS / Kipp-One,730 N Pulaski Rd,K-12 School
250050,Phillips Academy HS -CPS,244 E Pershing Rd,K-12 School
250051,Simeon HS,8147 S Vincennes Ave,K-12 School
250052,Steinmetz HS,3030 N Mobile Ave,K-12 School
250053,Taft HS,6530 W Bryn Mawr Ave,K-12 School
250054,Tilden HS -CPS,4747 S Union Ave,K-12 School
250055,Von Steuben HS,5039 N Kimball Ave,K-12 School
250056,Whitney Young -CPS,211 S Laflin St,K-12 School
250057,ENGLEWOOD HEALTH CENTER,641 W. 63rd St.,Outpatient Rehabilitation/Physical Therapy
250058,MARTIN LUTHER KING COMMUNITY CENTER,4314 S. Cottage Grove Ave.,Other - Entertainment/Public Assembly
250059,311 City Services,2111 W. Lexington,Office
250060,Garfield Center,10 S. Kedzie Ave.,Office
250061,WOODSON REGIONAL LIBRARY,9525 S. Halsted St.,Library
250062,R. J. OUINN ACADEMY (FIRE),558 W. De Koven St.,Adult Education
250063,Gallery 37,66 E Randolph St,Other - Entertainment/Public Assembly
250065,SULZER LIBRARY,4455 N. Lincoln Ave.,Library
250066,CDOT Central Office,1501 W Pershing Rd,Office
250067,Goldblatts Building,1609 W. Chicago,Office
250068,POLICE TRAINING ACADEMY,1300 W. Jackson Blvd.,Adult Education
250069,Altgeld Gardens,925 E. 130th Street,Multifamily Housing
250070,Bridgeport Homes,844 W 32nd St,Multifamily Housing
250071,Cabrini Rowhomes,900 N Hudson,Multifamily Housing
250072,Lake Parc Place,3939-3983 S. Lake Park Ave,Multifamily Housing
250073,Lathrop 1A,2000 W Diversey Avenue,Multifamily Housing
250074,Lawndale Gardens,2530 S. Washtenaw Ave,Multifamily Housing
250075,Frank O Lowden Homes,200 W. 95th Street,Multifamily Housing
250076,Trumbull Park Homes,2437 E 106th St,Multifamily Housing
250077,Wentworth Gardens,3770 S. Wentworth Ave,Multifamily Housing
250078,Henry Horner Annex,1815 W. Monroe Street,Multifamily Housing
250079,Ada S. Dennison-McKinley Apartments,661 E. 69th Street,Multifamily Housing
250080,Albany Terrace Apartments,3030 W. 21st Place,Multifamily Housing
250081,Alfreda Barnett Duster Apartments,150 S. Campbell,Multifamily Housing
250082,Armour SOuare Apartments,3120-3250 S. Wentworth Ave,Multifamily Housing
250083,Daniel Hudson Burnham Apartments,1930 W. Loyola Ave,Multifamily Housing
250085,Elizabeth Davis Apartments,440 N. Drake Ave,Multifamily Housing
250086,Elizabeth Wood Apartments,1845 N. Larrabee St,Multifamily Housing
250087,Fannie Emanuel,3916 W. Washington,Multifamily Housing
250088,Harry J. Schneider Apartments,1750 W. Peterson Ave,Multifamily Housing
250089,Hattie Callner,855 W. Aldine Ave,Multifamily Housing
250090,Irene McCoy Gaines Apartments,3700 W. Congress Parkway,Multifamily Housing
250091,Judge Green Apartments,4030 S. Lake Park Ave,Multifamily Housing
250092,Judge Harry M. Fisher Apartments,5821 N. Broadway Street,Multifamily Housing
250093,Judge Frederick W. Slater Apartments,740 E. 43rd Street,Multifamily Housing
250095,Dr. Mildred C. Harris Apartments,6360 S Minerva Ave,Multifamily Housing
250098,Lincoln Perry Apartments,3245 S. Prairie Ave,Multifamily Housing
250099,Long Life Apartments,344 W 28th Pl,Multifamily Housing
250100,Lorraine Hansberry Apartments,5670 W Lake St,Multifamily Housing
250101,Margaret Day Blake Apartments,2140 N Clark St,Multifamily Housing
250102,Maria Diaz Martinez Apartments,2111 N Halsted St,Multifamily Housing
250104,Mary Hartwell Catherwood Apartments,3920-40 N Clark St,Multifamily Housing
250105,Mary Jane Richardson-Jones Apartments,4930 S. Langley Ave,Multifamily Housing
250106,Maudelle Brown Bousfield Apartments,4949 S. Cottage Grove,Multifamily Housing
250107,Major Robert H Lawrence Apartments,655 W 65th Street,Multifamily Housing
250108,Vivian Carter Apartments,6401 S. Yale Ave,Multifamily Housing
250109,Vivian Gordon Harsh Apartments,4227 S. Oakenwald Ave,Multifamily Housing
250111,Wicker Park Apartments,1414 N Damen Ave,Multifamily Housing
250112,William Jones Apartments,1447 S. Ashland Ave,Multifamily Housing
250113,William Castleman Apartments,4945 N Sheridan Rd,Multifamily Housing
250114,Zelda Ormes Apartments,116 W Elm St,Multifamily Housing
250115,City Hall,121 N. La Salle St.,Office
250117,MT SINAI HOSPITAL,1501 S California Ave,Hospital (General Medical & Surgical)
250118,Humboldt Park Health,1044 N. Francisco Ave,Hospital (General Medical & Surgical)
250120,Sinai Schwab Rehabilitation Hospital,1401 S California Ave,Outpatient Rehabilitation/Physical Therapy
250121,St Bernard Hospital,326 West 64th St,Hospital (General Medical & Surgical)
250122,Swedish Hospital Campus,5145 North California,Mixed Use Property
250124,Albert Merritt Billings,950 East 59th St,Office
250125,Comer Children's Hospital,5721 S Maryland Ave,Hospital (General Medical & Surgical)
250126,DCAM,5758 S Maryland Ave,Ambulatory Surgical Center
250127,Bernard Mitchell Hospital,5815 S Maryland Ave,Hospital (General Medical & Surgical)
250128,CCD,5700 S Maryland Ave,Hospital (General Medical & Surgical)
250129,300 North LaSalle,300 N Lasalle,Office
250131,Yards Burlington,4510 S Damen Ave,Retail Store
250132,Yards Forman Mills,4520 S Damen Ave,Retail Store
250133,70800789 -- 47th ~ Damen,4620 S Damen Ave,Supermarket/Grocery Store
250134,231 South LaSalle,231 S. Lasalle Street,Office
250137,Club Ouarters East Wacker Drive,75 East Wacker Drive,Hotel
250138,Provident Hospital,500 E. 51st St.,Hospital (General Medical & Surgical)
250139,Domestic Violence Courthouse,555 W. Harrison St.,Courthouse
250140,State Lake LLC,177 North State,Office
250141,180 North Wacker,180 North Wacker,Office
250142,850 West Jackson,850 West Jackson,Office
250143,325 North Wells,325 North Wells,College/University
250144,11 East Adams LLC,11 East Adams,Office
250145,180 North Wabash LLC,180 N Wabash,Office
250146,Brooks Building LLC,223 Jackson Blvd.,Office
250147,820 W. Jackson LLC,820 W. Jackson,Office
250148,8 S. Michigan LLC,8 S. Michigan Ave,Office
250149,216 West Jackson LLC,216 W Jackson Blvd,Office
250150,Reid Murdoch Center,315-331 N. Lasalle,Office
250151,244 E Pearson LLC,244 E Pearson St,Multifamily Housing
250154,Hektoen Building,627 S Wood St,Laboratory
250155,NMH 211 East Ontario,211 East Ontario,Office
250161,Northwest Armory,1551 North Kedzie,Other
250164,Cumberland Centre - Building 1,5440 N Cumberland Ave,Office
250165,01330 - River East 21,322 E Illinois St,Movie Theater
250167,162 North State Street,162 N. State St.,Residence Hall/Dormitory
250171,The Heritage at Millennium Park,130 North Garland Court,Multifamily Housing
250173,322 South Green,322 South Green,Office
250175,Catalpa Gardens Condominium Association,1122 W. Catalpa Avenue,Multifamily Housing
250176,O'Hare Building 804 (Aviation Administration Building),Chicago O'hare International Airport,Office
251209,Burley & 92nd Centre,9230 S Burley Ave,Senior Living Community
251210,Roseland Centre 10450 S Michigan,10450 S Michigan Ave,Senior Living Community
251211,87th Street Center - All Stores,35 W. 87TH STREET,Retail Store
251212,Knight Buildling,549 W Randolph St,Office
251213,Burnham Park Plaza Condo,40 E. 9th St.,Multifamily Housing
251214,Wilson Yard,1026-1032 W Montrose,Mixed Use Property
251215,Hilliard Homes Phase I Limited Partnership (Family),2031 S Clark,Multifamily Housing
251216,Chicago Residential Inc,2440 North Lakeview Avenue,Multifamily Housing
251217,Harbor House Condominium Association,3200 N. Lake Shore Drive,Multifamily Housing
251218,Museum Tower Residences (251218),1335 South Prairie Avenue,Multifamily Housing
251219,555 Cornelia (251219),555 West Cornelia Ave.,Multifamily Housing
251220,UIC School of Law,304 S State St,College/University
251221,211 West Wacker Drive,211 West Wacker Drive,Office
251222,2229 South Halsted,2229 South Halsted Street,Office
251223,564 W Randolph St,564 W Randolph St,Office
251224,142 East Ontario,142 E Ontario,Office
251225,314 West Superior Street,314 West Superior Street,Office
251226,325 West Huron Street,325 West Huron Street,Office
251227,372 West Ontario Street,372 West Ontario Street,Office
251228,444 North Wells Street,444 North Wells Street,Office
251229,210 East Pearson Condominium Association,210 E. Pearson St.,Multifamily Housing
251230,1448 North Lake Shore Drive Building Corporation,1448 North Lake Shore Drive,Multifamily Housing
251231,The Scott Residences (dba) Wells & Scott Development Partners,211 W Scott,Multifamily Housing
251233,Clybourn,2601 N. Clybourn Street,Retail Store
251234,100 E Huron CA,100 E. Huron Street,Multifamily Housing
251235,110 East Delaware Condominium (110 E Delaware Pl),110 E Delaware Pl,Multifamily Housing
251236,1120 N Lake Shore Drive,1120 N. Lake Shore Drive,Multifamily Housing
251237,1242 Lake Shore Drive,1242 N. Lake Shore Drive,Multifamily Housing
251238,560 W Fulton Condo Assoc.,560 W Fulton,Multifamily Housing
251239,THC YT LLC,2701 S Indiana Ave,Multifamily Housing
251240,5757 N. Sheridan Condominium Association,5757 N. Sheridan,Multifamily Housing
251241,212 E. Condominium (212 E. Cullerton),212 E. Cullerton,Multifamily Housing
251242,330 N Clinton Condo Assoc,330 N Clinton St,Multifamily Housing
251243,333 N Jefferson Condo Association,333 N Jefferson Street,Multifamily Housing
251244,3520 Lake Shore Drive Condominium Association,3520 N. Lake Shore Drive,Multifamily Housing
251245,3800 Lake Shore Drive Condo Association,3800 N Lake Shore Drive,Multifamily Housing
251246,4950 Powhatan Building Corp.,4950 S. Chicago Beach Drive,Multifamily Housing
251247,520 W Huron,520 W. Huron Street,Multifamily Housing
251248,737 W Washington Blvd,737 W Washington Blvd,Multifamily Housing
251249,Jackson Shore Coop Apartments Corp,5490 S. Shore Drive,Multifamily Housing
251250,Lincoln Park Villas CA,1920 N. Clark Street,Multifamily Housing
251251,Union SOuare Condominium Assoc.,333 West Hubbard Street,Multifamily Housing
251252,1445 N State Parkway,1445 N State Parkway,Multifamily Housing
251253,700 W. Van Buren Condo (700 W. Van Buren),700 W. Van Buren,Multifamily Housing
251254,720 Gordon Terrace Condominium Association,720 W Gordon Terrace,Multifamily Housing
251255,Tower Park Residences: 1235 South Prairie Avenue,1235 South Prairie Avenue,Multifamily Housing
251256,State and Chestnut,845 North State Street,Multifamily Housing
251257,Reside on Surf,425 West Surf Street,Multifamily Housing
251258,Reside 707,707 West Sheridan Road,Multifamily Housing
251259,Park Lincoln By Reside,2470 North Clark Street,Multifamily Housing
251260,The Belmont by Reside,3170 North Sheridan Road,Multifamily Housing
251263,Gold Coast Galleria,111 West Maple Street,Mixed Use Property
251265,3150 North Sheridan Road Condominium (3150 N Sheridan Rd ),3150 N Sheridan Rd,Multifamily Housing
251266,363 Erie IL Partners LLC,363 W. Erie St.,Office
251267,Erie on the Park (510 W Erie),510 W Erie,Multifamily Housing
251268,860 Lake Shore Drive Trust (860-880 Lake Shore Drive),860-880 Lake Shore Drive,Multifamily Housing
251269,USEF GC Century Tower LLC,182 W Lake St,Multifamily Housing
251270,15th Place,811 - 833 W 15th Pl,Multifamily Housing
251272,Walmart Supercenter #5781,8331 S Stewart Ave,Wholesale Club/Supercenter
251274,,320 322 W OAKDALE AVE,Multifamily Housing
251275,Conrad Hotel/MWRD McMillan Pavilion,101 E Erie,Hotel
251276,MWRDGC Main Office Building,100 E Erie St,Office
251277,Scientific Games-2718 Roscoe,2718 Roscoe St,Office
251278,Paramount Lofts Condominium Association,1645 W Ogden,Multifamily Housing
251279,Scientific Games-2727 Roscoe,2727 Roscoe St,Office
251280,Scientific Games-3401 California,3401 California,Office
251281,40 E. Oak,40 E Oak Street,Multifamily Housing
251282,1100 N. Dearborn,1100 N. Dearborn St.,Multifamily Housing
251285,Misericordia Home,6300 N. Ridge Ave.,Mixed Use Property
251286,101 Grand,101 W. Grand Ave.,Office
251287,SpringHill Suites O'Hare,8101 W. Higgins,Hotel
251289,1164 West Madison,1164 W. Madison St.,Multifamily Housing
251294,954 W Washington Blvd,954 W Washington Blvd,Office
251295,Ascension Living Resurrection Village - Life Center,7370 West Talcott Avenue,Senior Living Community
251297,Ascension St Elizabeth Professional Office Building,1431 N Western Ave,Medical Office
251298,Galter Life Center,5157 N Francisco Ave,Outpatient Rehabilitation/Physical Therapy
251299,Raffaello Condominium Association,201 E Delaware St,Multifamily Housing
251300,2020 Lincoln Park West Condominium Association,2020 N. Lincoln Park West,Multifamily Housing
251301,Lincoln Park Tower Condominium Association,1960 N Lincoln Park West,Multifamily Housing
251309,Aperion Care International,4815 S. Western Blvd.,Senior Living Community
251310,"0901AS - Chicago, IL",3400 N. Western Avenue,Supermarket/Grocery Store
251312,1961 - ELSTON/LEAVITT,2570 N Elston Ave,Retail Store
251313,4141 W George,4141 W George St.,Mixed Use Property
251314,Clock Tower Lofts Condominium Association,2300 W Wabansia Ave,Multifamily Housing
251315,"0202AS - Chicago, IL",2550 N Clybourn Ave,Supermarket/Grocery Store
251316,"03538AS - Chicago, IL",1763 W Howard St,Supermarket/Grocery Store
251317,Hotel Monaco Chicago,225 N. Wabash Avenue,Hotel
251318,"03181AS - Chicago, IL",87 W 87th Street,Supermarket/Grocery Store
251319,Marketplace at Six Corners,4660 & 4640 W. Irving Park,Strip Mall
251320,"03376AS - Chicago, IL",370 N. Des Plaines,Supermarket/Grocery Store
251321,1150 West Fullerton Building,1150 W. Fullerton,College/University
251322,990 West Fullerton Building,990 West Fullerton Ave,College/University
251324,Arts & Letters Hall,2315 N. Kenmore,College/University
251325,Belden-Racine Hall,2311 N. Racine,College/University
251326,Centennial Hall,2345 N. Sheffield,College/University
251327,Clifton-Fullerton Hall,2350 N. Clifton Ave.,College/University
251328,John T. Richardson Library,2350 N. Kenmore,College/University
251329,McCabe Hall,900 W. Belden,College/University
251330,McGowan North,2325 N Clifton Ave,College/University
251331,Munroe Hall,2312 N. Clifton,College/University
251332,Ray Meyer Fitness and Recreation Center,2235 N. Sheffield,College/University
251333,Sanctuary Hall,2358 N. Sheffield,College/University
251334,Seton Hall,2425 N. Sheffield,College/University
251335,Student Center,2250 N. Sheffield,College/University
251337,The Theatre School,2350 N. Racine,College/University
251338,Thomas P. Levan Center,2322 N. Kenmore,College/University
251339,University Hall,2345 N. Clifton Ave.,College/University
251340,AJ1034 - Chicago Marriott @ Medical District/UIC,625 S. Ashland Avenue,Hotel
251341,The Legacy at Millennium Park,60 East Monroe St,Multifamily Housing
251343, 3180 N LSD (3180 N. Lake Shore Drive),3180 N. Lake Shore Drive,Multifamily Housing
251344,"03470AS - Chicago, IL",3570 North Elston,Supermarket/Grocery Store
251346,650 W Lake,650 W Lake,Office
251347,Evergreen Academy Middle School,3537 S Paulina St,K-12 School
251348,Excel-Woodlawn-CPS,7530 S SOUTH SHORE DR,K-12 School
251351,Owens-CPS,11445 S State St,K-12 School
251352,Bridgeport-CPS,501-05 W 35TH ST,Office
251355,"Evers Elementary, Medgar -CPS",9811 S Lowe Ave,K-12 School
251356,Johnson Elementary -CPS,1504 S Albany Ave,K-12 School
251358,Irving Park Middle -CPS,3815 N Kedvale Ave,K-12 School
251359,Joshua D Kershaw Elementary School,6450 S Lowe Ave,K-12 School
251360,Armour,950 W 33rd Pl,K-12 School
251362,Prosser HS,2148 N Long Ave,K-12 School
251363,Franklin,225 W Evergreen Ave,K-12 School
251364,Rowe-CPS,1424 N Cleaver St,K-12 School
251365,Alcott ES,2625 N Orchard St,K-12 School
251367,Norwood Park,5900 N Nina Ave,K-12 School
251368,Washington HS,3535 E 114th St,K-12 School
251370,West Ridge,6700 N Whipple St,K-12 School
251372,Avondale-Logandale,3212 W George St,K-12 School
251373,Mitchell,2233 W Ohio St,K-12 School
251375,Ashe,8505 S Ingleside Ave,K-12 School
251376,Ashburn,8300 S St Louis Ave,K-12 School
251377,Hurley,3849 W 69th Pl,K-12 School
251379,IBEW Local 134,2722 S. Martin Luther King Drive,Office
251380,Motley School Apartments,739 N Ada St,Multifamily Housing
251381,Irving,749 S Oakley Blvd,K-12 School
251382,Ogden ES,24 W Walton St,K-12 School
251383,"Mcnair Academy Center, Ronald E -CPS",4820 W Walton St,K-12 School
251384,Cather -CPS,2910 W Washington Blvd,K-12 School
251385,Burley,1630 W Barry Ave,K-12 School
251386,Crown Community Academy -CPS,2128 S St Louis Ave,K-12 School
251387,Woodson South -CPS,4414 S Evans Ave,K-12 School
251388,Greeley,832 W Sheridan Rd,K-12 School
251389,"Hendricks C A, Thomas A -CPS",4320 S Princeton,K-12 School
251390,"Pickard Elementary, Josiah L -CPS",2301 W 21st Pl,K-12 School
251391,Sheridan,533 W 27th St,K-12 School
251392,Canty,3740 N Panama Ave,K-12 School
251393,Waters,4540 N Campbell Ave,K-12 School
251394,Hale,6140 S Melvina Ave,K-12 School
251395,Miñoso,3527 S Wallace St,K-12 School
251396,Hammond,2819 W 21st Pl,K-12 School
251397,Marsh,9822 S Exchange Ave,K-12 School
251399,Park Manor,7037 S Rhodes Ave,K-12 School
251401,"Neil Elementary, Jane A -CPS",8555 S Michigan Ave,K-12 School
251403,"Faraday Elementary, Michael -CPS",3250 W Monroe St,K-12 School
251404,Burr,1621 W Wabansia Ave,K-12 School
251405,Hefferan Elementary -CPS,4409 W Wilcox St,K-12 School
251406,John Whistler Elementary -CPS,11513 S Ada St,K-12 School
251407,Tubman,2851 N Seminary Ave,K-12 School
251408,Clissold,2350 W 110th Pl,K-12 School
251409,Dewey,5415 S Union Ave,K-12 School
251411,Reavis Specialty Elementary -CPS,834 E 50th St,K-12 School
251413,KIPP Ascend-CPS,1440 S Christiana Ave,K-12 School
251414,Wadsworth,6650 S Ellis Ave,K-12 School
251416,Von Linne,3221 N Sacramento Ave,K-12 School
251417,Chalmers-CPS,2745 W Roosevelt Rd,K-12 School
251418,Hitch,5625 N Mcvicker Ave,K-12 School
251419,Bronzeville Classical,8 W Root St,K-12 School
251420,Carson,5516 S Maplewood Ave,K-12 School
251421,Ebinger,7350 W Pratt Ave,K-12 School
251423,Ortiz De Dominguez,3000 S Lawndale Ave,K-12 School
251424,Mount Greenwood,10841 S Homan Ave,K-12 School
251425,Farnsworth,5414 N Linder Ave,K-12 School
251426,Haley,11411 S Eggleston Ave,K-12 School
251427,Banneker Elementary -CPS,6646 S Normal,K-12 School
251429,Mayo Elementary -CPS,245 E 37th St,K-12 School
251431,Kanoon,2233 S Kedzie Ave,K-12 School
251432,"Brown Elementary, William H -CPS",54 N Hermitage Ave,K-12 School
251433,Newberry,700 W Willow St,K-12 School
251434,Nicholson,6006 S Peoria St,K-12 School
251435,Little Village ES,2620 S Lawndale Ave,K-12 School
251437,Spry Community Elementary -CPS,2400 S Marshall Blvd,K-12 School
251438,"Stockton Specialty, Joseph -CPS",4420 N Beacon St,K-12 School
251439,Bennett,10115 S Prairie Ave,K-12 School
251440,Goodlow Elementary Magnet -CPS,2040 W 62nd St,K-12 School
251441,Chavez,4747 S Marshfield Ave,K-12 School
251442,"Hinton Elementary, William Augustus -CPS",646 W 71st St,K-12 School
251443,Madison Elementary -CPS,7401 S Dorchester,K-12 School
251444,Gompers Fine Arts Option Elementary - CPS,12302 S State St,K-12 School
251445,Lara,4619 S Wolcott Ave,K-12 School
251446,Randolph Elementary -CPS,7316 S Hoyne Ave,K-12 School
251447,Foster Park Elementary -CPS,8500 S Wood,K-12 School
251448,Providence Englewood Charter School,6515 South Ashland Avenue,K-12 School
251449,Libby Elementary -CPS,5300 S Loomis Blvd,K-12 School
251450,Caldwell Math & Science -CPS,8540 S Cregier,K-12 School
251451,Madero,3202 W 28th St,K-12 School
251452,Manierre Elementary -CPS,1420 N Hudson Ave,K-12 School
251455,Richards Career Academy HS -CPS,5009 S Laflin St,K-12 School
251456,Carnegie,1414 E 61st Pl,K-12 School
251457,Fernwood,10041 S Union Ave,K-12 School
251459,Casals,3501 W Potomac Ave,K-12 School
251460,Admin Offices @ Dodge-Garfield Park,2651 W Washington Blvd,Office
251461,"Washington Elementary, Harold -CPS",9130 S University Ave,K-12 School
251462,Graham Elementary -CPS,4436 S Union Ave,K-12 School
251463,Lincoln,615 W Kemper Pl,K-12 School
251464,Fiske,6020 S Langley Ave,K-12 School
251465,Coonley,4046 N Leavitt St,K-12 School
251466,Dvorak Math/Science/Tech Academy - CPS,3615 W 16th St,K-12 School
251467,Holmes Elementary -CPS,955 W Garfield Blvd,K-12 School
251469,Mahalia Jackson Elementary -CPS,917 W 88th St,K-12 School
251470,Dett,2101 W Monroe,K-12 School
251473,Onahan,6634 W Raven St,K-12 School
251474,Audubon,3500 N Hoyne Ave,K-12 School
251475,Belding,4257 N Tripp Ave,K-12 School
251476,Jensen Scholastic Academy - CPS,3024 W Harrison,K-12 School
251477,Wadsworth-CPS,6420 S UNIVERSITY AVE,K-12 School
251478,Chicago World Language Academy,1340 W Harrison St,K-12 School
251479,Bridge,3800 N New England Ave,K-12 School
251480,Morton Elementary Career Academy - CPS,431 N Troy St,K-12 School
251482,Ruiz,2410 S Leavitt St,K-12 School
251483,Hamilton,1650 W Cornelia Ave,K-12 School
251484,Jungman,1746 S Miller St,K-12 School
251486,Ruggles,7831 S Prairie Ave,K-12 School
251487,Corkery Elementary -CPS,2510 S Kildare Ave,K-12 School
251488,Esmond,1865 W Montvale Ave,K-12 School
251489,Stowe,3444 W Wabansia Ave,K-12 School
251490,Dulles,6311 S Calumet Ave,K-12 School
251491,Frazier International Magnet -CPS,4027 W Grenshaw St,K-12 School
251493,Bethune Elementary -CPS,3030 W Arthington St,K-12 School
251496,"Sumner Math & Science Community Acad, Charles -CPS",4320 W 5th Ave,K-12 School
251497,Burke Elementary -CPS,5356 S King Dr,K-12 School
251498,"Ericson Scholastic Academy, Leif -CPS",3600 W 5th Ave,K-12 School
251499,Jahn,3149 N Wolcott Ave,K-12 School
251500,Skinner,1260 W Adams St,K-12 School
251501,Mayer,2250 N Clifton Ave,K-12 School
251502,Jamieson,5650 N Mozart St,K-12 School
251504,Haines,247 W 23rd Pl,K-12 School
251505,Hawthorne,3319 N Clifton Ave,K-12 School
251506,Peterson,5510 N Christiana Ave,K-12 School
251508,Polaris Charter Academy,620 N. Sawyer,K-12 School
251509,Daley,5024 S Wolcott Ave,K-12 School
251511,Brighton Park,3825 S Washtenaw Ave,K-12 School
251512,Christopher,5042 S Artesian Ave,K-12 School
251513,Dawes,3810 W 81st Pl,K-12 School
251514,South Shore ES,1404 E 70th St,K-12 School
251516,Burnham,9928 S Crandon Ave,K-12 School
251517,Skinner North,640 W Scott St,K-12 School
251518,Pulaski,2230 W Mclean Ave,K-12 School
251520,Palmer ES,5051 N Kenneth Ave,K-12 School
251521,McCormick,2712 S Sawyer Ave,K-12 School
251522,Cuffe Math/Science/Tech Academy -CPS,8324 S Racine Ave,K-12 School
251523,Goethe,2236 N Rockwell St,K-12 School
251524,Air Force Academy (Abbott Elementary ) -CPS,3630 S Wells St,K-12 School
251525,Tilton-CPS,223 N Keeler Ave,K-12 School
251526,Barry,2828 N Kilbourn Ave,K-12 School
251528,Oglesby,7646 S Green St,K-12 School
251529,Lovett,6333 W Bloomingdale Ave,K-12 School
251530,Pasteur,5825 S Kostner Ave,K-12 School
251531,Carroll @ Rosenwald Branch,2601 W 80th Street,K-12 School
251532,Chappell,2135 W Foster Ave,K-12 School
251533,Lozano,1501 N Greenview Ave,K-12 School
251534,Smith,744 E 103rd St,K-12 School
251535,U Of C - Donoghue,707 E 37th St,K-12 School
251536,Altgeld Elementary-CPS,1340 W 71st St,K-12 School
251537,Finkl Elementary -CPS,2332 S Western Ave,K-12 School
251539,Sayre,1850 N Newland Ave,K-12 School
251541,Reilly,3650 W School St,K-12 School
251542,Mosaic,6710 N Washtenaw Ave,K-12 School
251543,Harvard,7525 S Harvard Ave,K-12 School
251544,Peck ES,3826 W 58th St,K-12 School
251545,Metcalfe Math And Science -CPS,12339 S Normal Ave,K-12 School
251546,Reinberg,3425 N Major Ave,K-12 School
251547,Gallistel,10347 S Ewing Ave,K-12 School
251548,Mt Vernon Elementary -CPS,10540 S Morgan St,K-12 School
251550,Coles Model For Excellence -CPS,8441 S Yates Blvd,K-12 School
251551,Murphy,3539 W Grace St,K-12 School
251553,Sawyer,5248 S Sawyer Ave,K-12 School
251554,Ward J,2701 S Shields Ave,K-12 School
251555,Columbia Explorers,4520 S Kedzie Ave,K-12 School
251556,Ogden ES Branch @ Jenner,1119 N Cleveland Avenue,K-12 School
251557,Lavizzo,138 W 109th St,K-12 School
251558,Nathanael Green -CPS,3525 S. Honroe,K-12 School
251559,Beethoven Elementary -CPS,25 W 47th St,K-12 School
251560,Hampton,3434 W 77th St,K-12 School
251561,New Field,1707 W Morse Ave,K-12 School
251562,Carroll-Rose-CPS,2929 W 83rd St,K-12 School
251563,Cardenas ES - South,2524 S Central Park Avenue,K-12 School
251564,Carter Elementary -CPS,5740 S Michigan Ave,K-12 School
251565,Dixon,8306 S Saint Lawrence Ave,K-12 School
251566,Beidler Elementary -CPS,3151 W Walnut St,K-12 School
251567,Pershing,3200 S Calumet Ave,K-12 School
251568,Vaughn HS,4355 N Linder Ave,K-12 School
251569,"Hay Community Academy, John -CPS",1016 N Laramie,K-12 School
251570,McAuliffe,1841 N Springfield Ave,K-12 School
251571,Howe,720 N Lorel Ave,K-12 School
251572,Barton,7650 S Wolcott Ave,K-12 School
251573,Hamline,4747 S Bishop St,K-12 School
251574,Ariel / U of C NKO,1119 E 46th St,K-12 School
251575,"Delano Elementary, Edward C -CPS",3937 W Wilcox St,K-12 School
251576,Henry,4250 N Saint Louis Ave,K-12 School
251577,Stevenson ES,8010 S Kostner Ave,K-12 School
251578,"Bright, Orville T -CPS",10740 S Calhoun Ave,K-12 School
251579,"Henderson Elementary, CPS",5640 S Wolcott,K-12 School
251580,Gillespie,9301 S State St,K-12 School
251581,Avalon Park Elementary -CPS,8045 S Kenwood Ave,K-12 School
251582,Fuller -CPS,4214 S St Lawrence Ave,K-12 School
251583,Holden,1104 W 31st St,K-12 School
251584,Deneen,7240 S Wabash Ave,K-12 School
251585,Bell,3730 N Oakley Ave,K-12 School
251586,Lasalle II,1148 N Honore St,K-12 School
251588,"Taylor, Douglas -CPS",9912 S Avenue H,K-12 School
251589,Nobel,4127 W Hirsch St,K-12 School
251590,Tarkington,3330 W 71st St,K-12 School
251591,Chopin,2450 W Rice St,K-12 School
251592,Cleveland,3121 W Byron St,K-12 School
251593,Clay,13231 S Burley Ave,K-12 School
251594,Raby HS -CPS,3545 W Fulton St,K-12 School
251595,Nixon,2121 N Keeler Ave,K-12 School
251597,OKeeffe,6940 S Merrill Ave,K-12 School
251598,Joplin,7931 S Honore St,K-12 School
251599,Orozco Elementary -CPS,1940 W 18th St,K-12 School
251600,Mozart,2200 N Hamlin Ave,K-12 School
251601,Edwards,4815 S Karlov Ave,K-12 School
251602,Otoole Elementary -CPS,6550 S Seeley Ave,K-12 School
251603,Morrill,6011 S Rockwell St,K-12 School
251604,Revere,1010 E 72nd St,K-12 School
251605,Fulton Elementary -CPS,5300 S Hermitage Ave,K-12 School
251606,Ryerson -CPS,646 N Lawndale Ave,K-12 School
251607,"Nash Elementary, Henry H -CPS",4837 W Erie St,K-12 School
251608,Gunsaulus,4420 S Sacramento Ave,K-12 School
251609,New Sullivan,8331 S Mackinaw Ave,K-12 School
251610,Goudy,5120 N Winthrop Ave,K-12 School
251612,Otis Elementary -CPS,525 N Armour St,K-12 School
251613,Southside HS,7342 S Hoyne Ave,K-12 School
251614,Kozminski Elementary Academy -CPS,936 E 54th St,K-12 School
251616,Hanson Park,5411 W Fullerton Ave,K-12 School
251617,Budlong,2701 W Foster Ave,K-12 School
251619,Bouchet,7355 S Jeffery Blvd,K-12 School
251620,Seward,4600 S Hermitage Ave,K-12 School
251621,Hughes L,240 W 104th St,K-12 School
251622,Galileo,820 S Carpenter St,K-12 School
251623,Brunson,932 N Central Ave,K-12 School
251624,Azuela,4707 W Marouette Rd,K-12 School
251625,Nettelhorst,3252 N Broadway St,K-12 School
251626,Albany Park Multicultural Academy -CPS,4929 N Sawyer Ave,K-12 School
251627,Edison Park,6220 N Olcott Ave,K-12 School
251628,Miles Davis Elementary -CPS,6740 S Paulina St,K-12 School
251629,Bass Elementary -CPS,6554 S May St,K-12 School
251630,PowellStBrdg-CPS,7765 S COLES AVE,K-12 School
251631,Lorca,3231 N Springfield Ave,K-12 School
251632,Curtis Elementary -CPS,32 E 115th St,K-12 School
251633,Prussing,4650 N Menard Ave,K-12 School
251634,Calmeca,3456 W 38th St,K-12 School
251636,Gresham Elementary -CPS,8524 S Green St,K-12 School
251637,Field Elementary -CPS,7019 N Ashland Ave,K-12 School
251638,Hearst Elementary -CPS,4640 S Lamon Ave,K-12 School
251639,Kilmer,6700 N Greenview Ave,K-12 School
251640,"Till, Emmett Louis Math & Science -CPS",6543 S Champlain Ave,K-12 School
251641,Depriest,139 S Parkside Ave,K-12 School
251642,Blaine,1420 W Grace St,K-12 School
251643,West Park,1425 N Tripp Ave,K-12 School
251644,Beaubien,5025 N Laramie Ave,K-12 School
251647,Gregory Elementary -CPS,3707 W Polk,K-12 School
251648,Spencer Elementary Academy -CPS,214 N Lavergne Ave,K-12 School
251649,Ryder,8716 S Wallace St,K-12 School
251650,Brentano,2723 N Fairfield Ave,K-12 School
251651,Gary,3740 W 31st St,K-12 School
251652,Hedges,4747 S Winchester Ave,K-12 School
251654,Cook Elementary -CPS,8150 S Bishop St,K-12 School
251655,Doolittle Elementary / Chi Arts -CPS,521 E 35th St,K-12 School
251656,Ellington,243 N Parkside Ave,K-12 School
251657,Locke J,2828 N Oak Park Ave,K-12 School
251658,Piccolo,1040 N Keeler Ave,K-12 School
251660,Lawndale Community Academy -CPS,3500 W Douglas Blvd,K-12 School
251661,Burnside Scholastic Academy -CPS,648 E 91st Pl,K-12 School
251662,Gray,3730 N Laramie Ave,K-12 School
251665,Hayt,1518 W Granville Ave,K-12 School
251666,Sutherland,10015 S Leavitt St,K-12 School
251667,Fort Dearborn,9025 S Throop St,K-12 School
251668,Ravenswood,4332 N Paulina St,K-12 School
251669,Monroe,3651 W Schubert Ave,K-12 School
251670,May Elementary Community Academy -CPS,512 S Lavergne Ave,K-12 School
251671,Jesse Sherwood Elementary School,245 W 57th St,K-12 School
251673,Manuel Perez Elementary -CPS,1241 W 19th St,K-12 School
251674,Camras,3000 N Mango Ave,K-12 School
251676,Clinton,6110 N Fairfield Ave,K-12 School
251677,Darwin,3116 W Belden Ave,K-12 School
251678,Hernandez,3510 W 55th St,K-12 School
251679,Lowell Elementary -CPS,3320 W Hirsch St,K-12 School
251680,Bond,7050 S May St,K-12 School
251682,Lyon,2941 N Mcvicker Ave,K-12 School
251683,Cooper Dual Language Academy -CPS,1624 W 19th St,K-12 School
251684,Marine Leadership at Ames HS,1920 N Hamlin Ave,K-12 School
251685,Johnson College Prep,6350 S Stewart St,K-12 School
251686,Thorp J / Learn-South Chicago,8914 S Buffalo Ave,K-12 School
251687,Peirce,1423 W Bryn Mawr Ave,K-12 School
251688,Tanner Elementary -CPS,7350 S Evans Ave,K-12 School
251689,"Lewis Elementary, Leslie -CPS",1431 N Leamington Ave,K-12 School
251690,Chicago Military Academy-Bronzeville -CPS,3533 S Giles Ave,K-12 School
251691,Stone,6239 N Leavitt St,K-12 School
251692,Nightingale,5250 S Rockwell St,K-12 School
251693,McKay,6901 S Fairfield Ave,K-12 School
251694,Grant Campus -CPS,145 S Campbell Ave,K-12 School
251695,Moos Elementary -CPS,1711 N California Ave,K-12 School
251696,Beasley,5255 S State St,K-12 School
251697,NLCP - Christiana HS,1615 S Christiana Ave,K-12 School
251698,Bradwell,7736 S Burnham Ave,K-12 School
251699,Davis N,3014 W 39th Pl,K-12 School
251700,Haugan,4540 N Hamlin Ave,K-12 School
251701,UIC College Prep,1231 S Damen,K-12 School
251702,Belmont-Cragin Northwest,5252 W Palmer St,K-12 School
251704,Armstrong G,2110 W Greenleaf Ave,K-12 School
251706,"Gale Community Academy, Stephen F -CPS",1631 W Jonquil Ter,K-12 School
251707,Herzl -CPS,3711 W Douglas Blvd,K-12 School
251708,Bateman,4220 N Richmond St,K-12 School
251709,Volta,4950 N Avers Ave,K-12 School
251710,Clark Academic Prep HS -CPS,5101 W Harrison St,K-12 School
251711,"Douglass, Frederick Academy HS -CPS",543 N Waller Ave,K-12 School
251712,Penn ES / Kipp Ascend,1616 S Avers Ave,K-12 School
251713,Near North Career Metropolitan High School,1450 N Larrabee,Other - Public Services
251714,Lloyd,2103 N Lamon Ave,K-12 School
251715,National Teachers,55 W Cermak Rd,K-12 School
251716,Pullman,11311 S Forrestville Ave,K-12 School
251717,Hancock HS,5437 W 64th Pl,K-12 School
251718,McPherson,4728 N Wolcott Ave,K-12 School
251719,Falconer,3020 N Lamon Ave,K-12 School
251720,Chiarts HS,2714 W Augusta Blvd,K-12 School
251721,Payton HS,1034 N Wells St,K-12 School
251722,Claremont Academy Elementary School,6315 S Claremont Ave,K-12 School
251723,Shields Middle,2611 W 48th St,K-12 School
251724,Mather HS,5835 N Lincoln Ave,K-12 School
251725,Sauganash,6040 N Kilpatrick Ave,K-12 School
251726,Dyett HS -CPS,555 E 51st St,K-12 School
251727,Virtual Academy HS / ES,1326 W 14th Pl,K-12 School
251728,Burbank,2035 N Mobile Ave,K-12 School
251729,Hope College Preparatory High School,5515 South Lowe Ave,K-12 School
251730,Yates -CPS,1839 N Richmond St,K-12 School
251731,Hibbard,3244 W Ainslie St,K-12 School
251732,Eberhart,3400 W 65th Pl,K-12 School
251733,MarOuette,6550 S Richmond St,K-12 School
251734,Kelvyn Park HS,4343 W Wrightwood Ave,K-12 School
251735,Pritzker,2009 W Schiller St,K-12 School
251736,Foreman HS,3235 N Leclaire Ave,K-12 School
251737,Suder,2022 W Washington Blvd,K-12 School
251738,Hirsch Metropolitan HS -CPS,7740 S Ingleside Ave,K-12 School
251739,North-Grand HS,4338 W Wabansia Ave,K-12 School
251740,Prodigy Wood-CPS,4511 S EVANS AVE,K-12 School
251741,Healy,3010 S Parnell Ave,K-12 School
251742,Solorio HS,5400 S St Louis Ave,K-12 School
251743,SouthLoopBrn-CPS,1915 S FEDERAL ST,K-12 School
251744,Disney II HS,3900 N Lawndale Ave,K-12 School
251745,Amundsen HS,5110 N Damen Ave,K-12 School
251746,Northside Prep HS,5501 N Kedzie Ave,K-12 School
251748,Gage Park HS -CPS,5600 S Rockwell St,K-12 School
251749,Webster -CPS,4055 W Arthington St,K-12 School
251750,Sandoval,5534 S Saint Louis Ave,K-12 School
251751,Juarez HS,1450 W Cermak Rd,K-12 School
251753,Shoop Acad Of Math/Science/Tech -CPS,1460 W 112th St,K-12 School
251754,Murray,5335 S Kenwood Ave,K-12 School
251755,Rogers,7345 N Washtenaw Ave,K-12 School
251757,Thorp O,6024 W Warwick Ave,K-12 School
251758,Perspectives Charter Schools - Math & Science Academy,3663 S Wabash Ave,K-12 School
251759,Swift,5900 N Winthrop Ave,K-12 School
251760,"Walsh, John A -CPS",2031 S Peoria St,K-12 School
251761,Whitney,2815 S Komensky Ave,K-12 School
251762,Schubert,2727 N Long Ave,K-12 School
251763,Parkside Nine I,545 W Division,Multifamily Housing
251764,Parkside Nine II,544 W Oak,Multifamily Housing
251765,5550 North Kenmore Avenue,5550 North Kenmore Avenue,Multifamily Housing
251766,1062 West Bryn Mawr Avenue,1062 West Bryn Mawr Avenue,Multifamily Housing
251767,North Town Village I,1311 N Halsted,Multifamily Housing
251768,213 West Institute Place,213 West Institute Place,Office
251769,U.S. Cellular Plaza - 8410 _ Goby LLC,8410 West Bryn Mawr Avenue,Office
251770,U.S. Cellular Plaza - 8420 _ Goby LLC,8420 W Bryn Mawr Ave,Office
251771,1333 N Kingsbury,1333 N Kingsbury,Office
251772,"03224AS - Chicago, IL",6430 W. Irving Park Rd,Supermarket/Grocery Store
251773,"1296AS - Chicago, IL",7342 Foster Ave,Supermarket/Grocery Store
251774,Catholic Charities Saint Alibe - (Faith Apartments),1244 East 93rd Street,Multifamily Housing
251775,Catholic Charities Ozanam Village,251 N Albany Avenue,Multifamily Housing
251776,Catholic Charities Mathew Manor,271 N Albany Ave,Multifamily Housing
251777,Catholic Charities Tolton Manor,6345 S Stewart,Multifamily Housing
251780,Holy Name Cathedral Parish,735 N State St,Other
251783,OurLadyofVictory_School,4432 N. Laramie Ave,K-12 School
251784,Parish_OuigleyCenter,835 N Rush Street,Office
251785,StAlphonsus_School,1439 W. Wellington,K-12 School
251786,StClement_School,2524 N. Orchard St.,K-12 School
251788,HighSchool_StFrancisdeSalesHS,10155 S. Ewing Ave.,K-12 School
251789,Saint Hedwig Parish,2226 N Hoyne Ave,Other
251790,StMonica_School,5115 N. Mont Clare Ave.,K-12 School
251792,StSabina_School,7819 S Throop St,K-12 School
251793,StThomastheApostle_School,5467 S. Kimbark Ave.,K-12 School
251794,MissionofOurLadyoftheAngels_School,3814 W Iowa Street,K-12 School
251796,Chippewa Apartments,5050 S East End Ave,Multifamily Housing
251797,RML Specialty Hospital,3534 W Van Buren,Other - Specialty Hospital
251858,Alcott HS,2957 N Hoyne Ave,K-12 School
251859,Epic Academy Charter High School,8255 S. Houston,K-12 School
251860,Ogden HS,1250 W Erie St,K-12 School
251863,Zapata,2728 S Kostner Ave,K-12 School
251865,Prieto,2231 N Central Ave,K-12 School
251866,Chicago Bulls College Prep,2040 W Adams,K-12 School
251867,Talcott,1840 W Ohio St,K-12 School
251870,Portage Park,5330 W Berteau Ave,K-12 School
251871,South Shore Intl HS,1955 E 75th St,K-12 School
251872,Goode HS,7651 S Homan Ave,K-12 School
251873,Back of the Yards HS,2111 W 47th St,K-12 School
251874,Stagg,7424 S Morgan St,K-12 School
251875,Belding Earl-CPS,4209 W Irving Park Rd,K-12 School
251877,Williams Multiplex Elementary -CPS,2710 S Dearborn St,K-12 School
251878,South Loop -CPS,1212 S Plymouth Ct,K-12 School
251880,Monarcas,5815 S Homan Ave,K-12 School
251883,4525 N Kenmore Avenue,4525 N Kenmore Avenue,Multifamily Housing
251884,Ray,5631 S Kimbark Ave,K-12 School
251885,Dugan-CPS,4541 S Wood St,K-12 School
251887,Stem,1522 W Fillmore St,K-12 School
251888,Young Elementary -CPS,1434 N Parkside Ave,K-12 School
251889,Smyser,4310 N Melvina Ave,K-12 School
251890,Saucedo / Telpochcalli,2850 W 24th Blvd,K-12 School
251891,Westinghouse HS,3223 W Franklin Blvd,K-12 School
251892,Betty Shabazz Intl Charter / Barbra A Sizemore -CPS,6936 S Hermitage Ave,K-12 School
251893,Edgebrook,6525 N Hiawatha Ave,K-12 School
251896,Admin Offices @ Colman,4655 S Dearborn St,Office
251898,Durkin Park,8445 S Kolin Ave,K-12 School
251899,Shields Main-CPS,4250 S Rockwell St,K-12 School
251900,Scammon,4201 W Henderson St,K-12 School
251902,Uplift Community HS -CPS,900 W Wilson Ave,K-12 School
251903,Smyth -CPS,1051 W 13th Ave,K-12 School
251904,Noble Network of Charter Schools,1409-1443 N. Ogden Ave.,K-12 School
251905,Funston,2010 N Central Park Ave,K-12 School
251906,Sabin,2216 W Hirsch St,K-12 School
251908,Pilsen,1420 W 17th St,K-12 School
251909,Garvy,5225 N Oak Park Ave,K-12 School
251910,Chase,2021 N Point St,K-12 School
251911,Cardenas,2345 S Millard Ave,K-12 School
251912,"Sherman Elementary, William T -CPS",1000 W 52nd St,K-12 School
251917,CHICAGO MID NORTH (1437),2939 W Addison St,Retail Store
251918,1309 N Wells,1309 N Wells St,Multifamily Housing
251919,223 West Erie,223 West Erie Street,Office
251920,Mayfair,189 E Lake Shore Dr,Multifamily Housing
251925,Peter V. Byrne Hall,2219 N. Kenmore,College/University
251926,Mondial River West,910 W Huron St,Multifamily Housing
251927,Plaza On Dewitt Condominium Association,260 E Chestnut St.,Multifamily Housing
251928,Institute of Forensic Medicine,2121 W. Harrison St.,Other - Public Services
251929,600 S Michigan,600 S Michigan,College/University
251930,The Granville Condominum Association,1134 West Granville,Multifamily Housing
251941,Cumberland Centre - Building 2,5450 N Cumberland Ave,Office
251943,1825 W Lawrence Ave,1825 W Lawrence Ave,Bank Branch
251944,820 S Michigan,820 S Michigan Ave,Multifamily Housing
251945,916 S Wabash,916 S Wabash,College/University
251946,1010 Lake Shore Drive,1010 N Lake Shore Drive,Multifamily Housing
251947,BSLC,924 E 57th St,Laboratory
251948,SBRI,5812 S Ellis Ave,Laboratory
251949,Wyler,5837 S Maryland Ave,Laboratory
251950,McLean,5824 S Ellis Ave,Laboratory
251951,Goldblatt Hospital,5840 S Ellis Ave,Laboratory
251952,Hicks,970 E.59th St.,Laboratory
251953,Bobs Roberts,920 E. 59th St.,Laboratory
251954,Gilman Smith,5835 S Drexel Ave,Laboratory
251955,CLI,5841 S Maryland Ave,Laboratory
251956,Carlson,949 E 58th St,Laboratory
251957,Peck,5821 S Drexel Ave,Laboratory
251958,6725 - Trinity Hospital Physicians Office Building,2301 2315 East 93rd Street,Medical Office
251959,Torrey-Gray Doane 840 N. LaSalle,820 N. Lasalle,College/University
251960,Latin School of Chicago Middle School,45 W. North BLVD,K-12 School
251964,Intercultural Montessori Language School,114 South Racine Avenue,K-12 School
251965,Lake Meadows Shopping Center - (LA Fitness - Building 2),3455 S King Dr,Fitness Center/Health Club/Gym
251992,United Airlines Reservation Center,11555 W Touhy Ave,Office
251996,Prairie Pointe at Central Station Condo (1600 S Prairie Ave ),1600 S Prairie Ave,Multifamily Housing
252013,900 North Franklin,900 N Franklin St,Office
252018,5000 Marine Drive Corporation,5000 N. Marine Dr.,Multifamily Housing
252020,1420 North Lake Shore Drive,1420 North Lake Shore Drive,Multifamily Housing
252021,CICS Basil,1816 W. Garfield Blvd.,K-12 School
252023,CICS Longwood,1309 W. 95th St.,K-12 School
252024,CICS Loomis Primary,9535 S. Loomis St.,K-12 School
252025,CICS Ralph Ellison,1817 W. 80th St.,K-12 School
252027,CICS Wrightwood,8130 S. California Ave.,K-12 School
252028,2130-2140 W Fulton,2130 2140 W Fulton St,Office
252029,"La Plaza Hubbard 1812, LLC",1812-1840 Hubbard Street,Mixed Use Property
252030,"Tremont Chicago Hotel, Magnificent Mile",100 East Chestnut,Hotel
252031,1259 - Sonesta ES Suites Chicago Downtown 201 East Walton Place - SVC,201 East Walton Place,Hotel
252033,Erie,1405 N Washtenaw Ave,K-12 School
252034,Center Home For Hispanic Elderly,1401 N. California Ave,Senior Living Community
252035,The Bristol Condominium Association,57 East Delaware Place,Multifamily Housing
252036,Bartlett Commons,5640 S. University Ave,Social/Meeting Hall
252037,Ratner Athletics Center,5530 South Ellis Avenue,Fitness Center/Health Club/Gym
252038,Crerar Library,5730 South Ellis Avenue,Library
252039,Accelerator Building,5604-20 South Ellis Avenue,Laboratory
252040,Kersten Physics Teaching Center,5720 South Ellis Avenue,College/University
252041,Bookstore,970 East 58th Street,Retail Store
252042,Edelstone Center,6030 South Ellis Avenue,Office
252043,Renee Granville-Grossman Residential Commons,6031 South Ellis Avenue,Residence Hall/Dormitory
252044,Social Service Administration,969 East 60th Street,College/University
252045,Harper Library,"1116 East 59th Street  Chicago, Il 60637",Social/Meeting Hall
252046,Henry Crown Field House,5550 South University Ave.,Fitness Center/Health Club/Gym
252047,Saieh Hall for Economics,5757 South University Avenue,College/University
252048,Levi Hall,5801 S. Ellis Avenue,Office
252049,Bond Chapel,1025 East 58th Street,Worship Facility
252050,Jones Laboratory,5747 S. Ellis Ave.,Laboratory
252051,Chess Lofts Condominium,320 E 21st St,Multifamily Housing
252052,Ryerson Laboratory,1100-14 East 58th Street,Laboratory
252053,Kent Chemical Laboratory,1020-24 East 58th Street,Laboratory
252054,Mitchell Tower,1131 East 57th Street,Other
252056,Rosenwald Hall and Walker Museum,1115-25 East 58th Street,Office
252057,Foster Hall,1130 East 59th Street,Office
252058,Logan Arts Center,915 E 60th St.,Performing Arts
252059,Ida Noyes Hall,1212 East 59th Street,Other - Entertainment/Public Assembly
252060,Woodlawn Social Services Center,950 East 61st Street,Office
252061,Chapin Hall,1313 East 60th Street,College/University
252064,Mansueto Library,1100 East 57th Street,Library
252065,280 Building,280 S. Columbus Dr.,College/University
252066,The Park Monroe Condominium Homes Association,65 E. Monroe St.,Multifamily Housing
252067,"SV Care (Southview Manor, Inc.)",3311 S. Michigan Ave.,Senior Living Community
252068,Hampton Inn Majestic,22 W Monroe St,Hotel
252069,Chicago South Loop Hotel,11 W. 26th Street,Hotel
252070,Lake Village East Apts,4700 South Lake Park Ave,Multifamily Housing
252071,Library Tower Condo Association,520 S State Street,Multifamily Housing
252072,641 W Lake,641 W Lake Street,Office
252073,118 S Clinton,118 S Clinton Street,Office
252075,Acero Schools - Veterans Memorial Campus,4248 W. 47th St.,K-12 School
252076,Acero School - Officer Donald J. MarOuez,2916 W. 47th St.,K-12 School
252077,Acero Schools - Idar - Soccer Academy,5050 S. Homan Ave.,K-12 School
252078,Acero Schools - Soto - Soccer Academy High School,5025 S. St. Louis,K-12 School
252079,Acero Schools -  Roberto Clemente,2050 Natchez Ave.,K-12 School
252080,400 West Ontario Condominium Association,400 W Ontario St.,Multifamily Housing
252082,Intrinsic School - Belmont Campus,4540 W Belmont Avenue,K-12 School
252083,St Pauls United Church of Christ,2335 N. Orchard Street,Worship Facility
252084,Trinity United Church of Christ,400 W 95th St,Worship Facility
252085,,6850 S Crandon Ave,Multifamily Housing
252086,Palmer House Office Center - Thor Equities,27 E Monroe St,Office
252088,Pueblo Commons Condominium Association,8444 W Wilson Ave,Multifamily Housing
252090,The Talbott Hotel,20 E. Delaware Pl,Hotel
252091,1301 E 47Th St,1301 E 47th St,Fitness Center/Health Club/Gym
252092,Gateway Center,10808 - 10830 S Doty Ave W,Retail Store
252094,1110 N Lake Shore Dr (252094),1110 N Lake Shore Dr,Multifamily Housing
252095,Press Office Building,1427 E. 60th Street,Office
252104,Bradley Business Center I,2630 - 2650 West Bradley Place,Office
252105,611 S. Wells Street Condo (The Vetro),611 S Wells St,Multifamily Housing
252107,Harris Theater for Music and Dance,205 E Randolph Street,Performing Arts
252112,Pete's Cermak,2526 W. Cermak,Supermarket/Grocery Store
252121,"RMD -15094 Chicago (Lurie), IL",211 East Grand,Hotel
252123,Gary Comer Youth Center,7200 South Ingleside,Other
252124,"Coastland Apartments, Inc.",2666 E. 73rd St.,Multifamily Housing
252125,2013-Chicago Downtown - Franklin/Madison (RR ONLY),1 South Franklin Street,Hotel
252126,08270 - Ford City 14,7601 South Cicero Avenue,Movie Theater
252127,Circa 922,922 West Washington Blvd,Multifamily Housing
252216,Beach Point Tower Condominium Association,5801 N Sheridan Rd,Multifamily Housing
252217,1320 W Fullerton Avenue,1320 W Fullerton Avenue,Fitness Center/Health Club/Gym
252218,343 W Erie St,343 W Erie Street,Office
252219,Jackson Tower Condominium Association Inc,5555 S Everett Ave,Multifamily Housing
252240,Chicago 331,331 W Surf St,Medical Office
252246,Pritzker College Prep,4131 W Cortland St,K-12 School
252247,222 E. Chestnut Condominium Association,222 E. Chestnut St.,Multifamily Housing
252248,79th St. Limited Partnership dba Wrightwood Service Center,2815 W. 79th St,Senior Living Community
252249,Enola Dew,4623 W. Gladys Ave.,Multifamily Housing
252250,Argyle Place Apartments,850 W. Argyle St.,Multifamily Housing
252251,Chinatown,300 W 23rd St.,Multifamily Housing
252252,Grace St.,635 W. Grace St.,Multifamily Housing
252253,Northwest Tower,1170 W Erie,Multifamily Housing
252256,Highlands Tudor Manor,7018 S. Cregier,Multifamily Housing
252258,Roosevelt SOuare - Parent,1222 W Roosevelt So Rd,Multifamily Housing
252259,Sheridan Park,4536 North Magnolia,Multifamily Housing
252261,-,301 N Austin Blvd,Multifamily Housing
252262,Humboldt Ridge Apartments,1816 N St Louis Ave,Multifamily Housing
252264,"1263 Pratt, LLC",1263 W. Pratt Blvd.,Multifamily Housing
252265,Whitmore Apartments,417-21 S Central,Multifamily Housing
252266,Cottage View Terrace Apartments,4829 S. Cottage Grove,Multifamily Housing
252267,Paper Place Lofts,801 South Wells Street,Multifamily Housing
252268,Heritage Woods of Chicago,2800 West Fulton,Senior Living Community
252269,Beth Anne Extended Living,1143-53 N Lavergne,Multifamily Housing
252270,Delaware II LLC,25 E Delaware Pl,Multifamily Housing
252274,COP_MADW5957,5957-73 W Madison St,Multifamily Housing
252279,Lunt Lake Cooperative Apartments,1122-40 W Lunt Ave,Multifamily Housing
252284,Amhurst Lofts,2600 N Southport Ave,Multifamily Housing
252286,Delmar Apartments,5042 N. Winthrop,Multifamily Housing
252288,Parkside Terrace Apartments,143 N Parkside Avenue,Multifamily Housing
252289,Palmer SOuare,2128 N Kedzie,Multifamily Housing
252291,Harold Washington Apartments,4946 N Sheridan Rd,Multifamily Housing
252292,Hollywood House,5700 N Sheridan Rd,Multifamily Housing
252294,Reside on Wellington,510 West Wellington Avenue,Multifamily Housing
252295,Renaissance Saint Luke,1501 W Belmont Ave,Multifamily Housing
252297,Lyndale Place,2575 W Lyndale,Multifamily Housing
252299,Reside on Roscoe,532 W Roscoe,Multifamily Housing
252301,1934 N. Washtenaw CA,1934 N. Washtenaw Avenue,Multifamily Housing
252302,Eastwood Garden Limited Partnership,6531 S. LOWE,Multifamily Housing
252309,Nathalie Salmon House,7320 N Sheridan Rd,Multifamily Housing
252310,917 W Eastwood,917 W. Eastwood Ave,Multifamily Housing
252311,Frances Larry Apartments,824-32 E 53rd St,Multifamily Housing
252312,TRC Senior Village I,346 E 53rd St.,Multifamily Housing
252313,Salvation Army - Divisional HeadOuarters (DHO),5040 N. Pulaski Road,Office
252315,6151 N Winthrop,6151 N Winthrop Ave,Multifamily Housing
252317,4423 N Sheridan,4423 N. Sheridan Rd,Multifamily Housing
252318,The Broadmoor Apartments,7600 N. Bosworth Ave.,Multifamily Housing
252319,-,7425 S South Shore Dr,Multifamily Housing
252320,Newberry Park Apartments,1355 South Blue Island,Multifamily Housing
252322,Lavergne Court Apts.,4938 W. Ouincy Street,Multifamily Housing
252323,Paul G. Stewart Apartments Phase III,401 E Bowen Ave,Multifamily Housing
252324,Association House of Chicago,1116 N Kedzie Ave,Office
252326,6200-42 N Hoyne,6200-42 N. Hoyne,Multifamily Housing
252328,5630 N Sheridan,5630 N. Sheridan Ave,Multifamily Housing
252333,Morningside Court,1250 W. Morse Avenue,Multifamily Housing
253904,Vanguard Lofts Condominium Association,1250 W. Van Buren St.,Multifamily Housing
253905,Surf II LLC,420 W Surf St,Multifamily Housing
253946,"Lakeview Pointe Condominium Association, Inc.",7736-7772 N. Sheridan Rd.,Multifamily Housing
253951,18th Street Lofts,1801 S Michigan Ave,Multifamily Housing
253952,Catherine Courts Condominium Association of Chicago (8439-8503 W. Catherine Ave),8439-8503 W. Catherine Ave,Multifamily Housing
253954,Crilly Court Condominium Association,1717 N. Crilly Ct.,Multifamily Housing
253955,550 W Fulton Condo Assoc.,550 W Fulton,Multifamily Housing
253956,3611 W. Montrose Condominium Association,3611 W. Montrose Ave.,Multifamily Housing
253957,Silver Coast Citadel Condominium Association,7201-09 S Yates Blvd.,Multifamily Housing
253958,Peterson Lofts Condominium Association,523 S. Plymouth Ct.,Multifamily Housing
253959,St. Paul Lofts Condominium Association,2333 W. Saint Paul Ave.,Multifamily Housing
253961,2545 Fitch Condominiums Association,2545 W. Fitch Ave.,Multifamily Housing
253962,Moser Building Condominium Association,621 S. Plymouth Ct.,Multifamily Housing
253963,Montclare Senior Residences of Avalon Park Phase II,1210 E. 78th Street,Multifamily Housing
253964,7150 Cyril Court Apartments,7150 S. Cyril Court,Multifamily Housing
253965,Bauer Building,224-230 W Huron St,Office
253966,Greenview Place SLF,1501 W. Melrose St.,Senior Living Community
253967,20 N State,20 North State Street,Multifamily Housing
253968,Kilpatrick Renaissance,4655 West Berteau Ave.,Multifamily Housing
253969,Parkside IIB,459 W Division St,Multifamily Housing
253972,Conservancy at North Park Condo I,3900  W BRYN MAWR AVE,Multifamily Housing
253973,Klee Plaza at Six Corners Condominium,4015 N. Milwaukee Ave.,Multifamily Housing
253980,"Bank Note Place, LLC",120 E Cullerton,Multifamily Housing
253982,AMLI Lofts Polk (mf02),111 W. Polk St.,Multifamily Housing
253983,Fulton Place Condominium,657 W. Fulton St.,Multifamily Housing
253984,311 W Superior Street,311 W Superior Street,Office
253986,430 W Erie Street,430 W Erie Street,Office
253987,4900 Marine Drive Condo (4900 N Marine Drive),4900 N Marine Drive,Multifamily Housing
253988,400 W Erie Street,400 W Erie Street,Office
253989,820 N Orleans Street,820 N Orleans Street,Office
253990,Lincoln Lofts Condominium Association,3151 N Lincoln Ave,Multifamily Housing
253991,Pac Lofts-1735 N Paulina,1735 N Paulina Street,Multifamily Housing
253992,Glenmoor Manor (1041-51 W. Glenlake),1041-51 W. Glenlake,Multifamily Housing
253993,(IL192) -2500 Lakeview Association (2500 N. Lakeview),2500 N. Lakeview,Multifamily Housing
253994,Map Factory Lofts (5235 N. Ravenswood),5235 N. Ravenswood,Multifamily Housing
253995,Acorn Lofts,1017 W. Washington Blvd.,Multifamily Housing
253996,The Pierre Condominium (2100 N. Lincoln Park West),2100 N. Lincoln Park West,Multifamily Housing
254001,,4434 4444 N Damen Ave,Multifamily Housing
254004,,2700 N Halsted St,Multifamily Housing
254008,Hyde Park Courtway,4816-4828 S. Dorchester,Multifamily Housing
254009,Maple Court Apartments,1120-1126 E. 47th Street,Multifamily Housing
254010,824 West Superior Condominium Association,824 W. Superior St.,Multifamily Housing
254011,Sheridan Grande Condo (4848 N. Sheridan Rd.),4848 N. Sheridan Rd.,Multifamily Housing
254012,Ellis Street Apartments,4721-4729 S Ellis Street,Multifamily Housing
254015,Senate Apartments,"5801 N. Pulaski Rd., Bldg. G",Residential Care Facility
254016,Prete Apartments,"5801 N. Pulaski Rd., Bldg. E",Residential Care Facility
254022,220 East Walton Condo (220 E. Walton Place),220 E. Walton Place,Multifamily Housing
254023,Olympia Lofts Condominium Association,831-43 W. Adams St.,Multifamily Housing
254024,Gateway West Loop (ga142),11 S Green St,Multifamily Housing
254025,Englewood,901 West 63rd St,Multifamily Housing
254034,Warren Project,1609 W. Warren Blvd.,Multifamily Housing
254035,Reside by Irving Park,725 West Irving Park Road,Multifamily Housing
254037,"Willow SOuare (Campus) (1728 N. Damen, 212 W St Paul)",1728 N. Damen,Multifamily Housing
254038,Porta Coeli Residence,2260 E. 99th Street,Multifamily Housing
254039,Sheridan Shore Courts Condominium Association,7021-7035 N. Sheridan Rd.,Multifamily Housing
254043,"North Center Senior Housing, NFP (St. Vincent DePaul Residence)",4040 N Oakley St,Multifamily Housing
254045,Archer Place Condominium Association,2272 S Archer Ave,Multifamily Housing
254046,Ainslie Park Condominium Association,840-846 W. Ainslie St.,Multifamily Housing
254047,St. Sabina Elders Village,1222 W. 79th Street,Multifamily Housing
254048,Catholic Charities: St. Leo Residence,7750 S Emerald Ave,Multifamily Housing
254049,"Farcroft Park, LLC",1337 West Fargo,Multifamily Housing
254050,1400 State Parkway Condominium Association,1400 N State Pkwy,Multifamily Housing
254051,04750 - NEW CITY 14,1515 N Clybourn Ave Ste C301,Movie Theater
254052,Martha Washington,2324 West Irving Park Road,Multifamily Housing
254053,1255 N. State Parkway Condominium Association,1255 N State Parkway,Multifamily Housing
254054,2 South Leavitt Condominium Association,2 S. Leavitt St.,Multifamily Housing
254055,Park Douglas Apartments,1235 S Washtenaw,Multifamily Housing
254056,The Montrevelle Condominium Association,520 N. Halsted St.,Multifamily Housing
254057,HAYMARKET CENTER,932 W Washington Blvd,Residential Care Facility
254059,Safer Foundation,3210 W Arthington St,Prison/Incarceration
254060,University Village Lofts,1524 And 1525 S Sangamon Street,Multifamily Housing
254061,6700 Crandon Condominium Association,6700 S Crandon Ave,Multifamily Housing
254062,Prairie Avenue Lofts,221 East Cullerton Street,Multifamily Housing
254063,The Lofts at 1800 Condominium Association,1800 W. Grace Street,Multifamily Housing
254064,1411 State Parkway Condominium Association,1411 N State Parkway,Multifamily Housing
254065,1345 S. Wabash Condominium Association,1345 S. Wabash Ave.,Multifamily Housing
254066,1515 Michigan Avenue Condominium Association,1515 -1525 S. Michigan Ave.,Multifamily Housing
254067,Hedgerow Condominium Association,5400 S. Hyde Park BLVD.,Multifamily Housing
254068,Union Lofts Condominium Association,3500 South Sauganash,Multifamily Housing
254069,5924 N Lincoln,5924 N Lincoln Ave,Multifamily Housing
254072,Green Street Lofts,400 S Green Street,Multifamily Housing
254073,Blue Moon Lofts,215 N. Aberdeen St.,Multifamily Housing
254074,2007 N Sedgwick Condominium,2007 N Sedgwick,Multifamily Housing
254075,JeffJack,601 West Jackson,Multifamily Housing
254076,North Water Apartments & Loews Chicago Hotel,340 E North Water St,Multifamily Housing
254077,3021 S Michigan,3001 S Michigan Ave,Multifamily Housing
254079,Metro North Condominium Association,3946 N Ravenswood Ave,Multifamily Housing
254080,The Gwen Hotel,521 N Rush St,Hotel
254082,Drexel Towers 4917,4917 S. Drexel,Multifamily Housing
254093,The Catalyst,123 N Desplaines Street,Multifamily Housing
254094,3041 S Michigan,3001 S Michigan Ave,Multifamily Housing
254095,Atelier (5556 N. Sheridan Rd.),5556 N. Sheridan Rd.,Multifamily Housing
254096,350 W Belden,350 W Belden Ave,Multifamily Housing
254099,Powell,7511 S South Shore Dr,K-12 School
254101,,3400 N Lake Shore Dr,Multifamily Housing
254102,Residences at The Vic,3140 N Sheffield Ave,Multifamily Housing
254105,Clinton Complex Condominium Association,500 S Clinton St,Multifamily Housing
254107,Columbus on the Park Condominium,811 S Lytle,Multifamily Housing
254109,2901 S Michigan,3001 S Michigan Ave,Multifamily Housing
254113,Forty East Delaware Place Condominium Association,40 E Delaware,Multifamily Housing
254114,Town Hall,3600 N Halsted St,Multifamily Housing
254115,Archer Building Lofts Condominium Association,2310 S. Canal Street,Multifamily Housing
254151,Astor Villa Condominium Association,1430 N Astor,Multifamily Housing
254153,Terra Cotta Commons Condominium,1760 W Wrightwood,Multifamily Housing
254154,Swartzberg House,3101 W Touhy Ave,Multifamily Housing
254155,247-Senior Suites of Norwood Park,5700 N. Harlem Ave,Senior Living Community
254156,Bethany Methodist Communities,5025 N Paulina St,Hospital (General Medical & Surgical)
254157,5114 N Christiana Ave.,5114 N Christiana Ave.,College/University
254158,5141 N Christiana Ave.,5141 N Christiana Ave.,College/University
254159,3205 W. Carmen Ave.,3205 W Carmen Ave.,College/University
254160,Cuneo Hall-ID# 254160,6430 N Kenmore Ave,Office
254161,Damen Student Center-ID#254161,6511 N Sheridan Rd,College/University
254162,Mertz Hall - CFSU-ID# 254162,1125 W Loyola Ave,Residence Hall/Dormitory
254163,Maguire Hall-ID#254163,1-11 E Pearson Ave,Office
254164,Cudahy Library-ID#254164,6515 N Kenmore Ave,Library
254165,Campion Hall-ID# 254165,6551 N Sheridan Rd,Residence Hall/Dormitory
254166,Crown Center-ID#254166,1001-25 W Loyola Ave,College/University
254167,Simpson Living Learning Center-ID# 254167,6333 N Winthrop Ave,Residence Hall/Dormitory
254168,Ouinlan Life Sciences Education and Research Center-ID# 254168,1050 W Sheridan Rd,Other - Education
254169,de Nobili Hall-ID#254169,6350 N Kenmore Ave,Residence Hall/Dormitory
254170,San Francisco Hall-ID# 254170,6327 N Kenmore Ave,Residence Hall/Dormitory
254171,Norville Center - Gentile Center-ID#254171,6526 N Winthrop,College/University
254172,Regis Hall-ID#254172,6340 N Winthrop Ave,Residence Hall/Dormitory
254173,Sullivan Station Apartments,1060 E 41st St,Multifamily Housing
254174,Workshop 4200,4200 W Diversey,Other
254181,International House,1414 E. 59th Street,Residence Hall/Dormitory
254225,Ray and Joan Kroc Corps Community Center,1250 W. 119th St.,Fitness Center/Health Club/Gym
254226,Oakdale Terrace,525 W. Oakdale Ave.,Multifamily Housing
254227,Red Shield Center,945 W. 69th St.,Mixed Use Property
254246,North Washington Park Manor,550 E 50th Place,Multifamily Housing
254260,,513 W Fullerton Pkwy,Senior Care Community
254261,Roscoe Village,1800 West Roscoe,Multifamily Housing
254262,Sunnycourt Condominiums,906-934 W Sunnyside,Multifamily Housing
254296,Brompton,534-552 West Brompton,Multifamily Housing
254309,Old Town Midrise Condo,343 W Old Town Court,Multifamily Housing
254316,Chicago-North,2544 West Montrose Ave,Other - Specialty Hospital
254317,Buck City Lofts,1740 N Maplewood Ave,Multifamily Housing
254327,3125 W Fullerton,3125 W Fullerton Avenue,Multifamily Housing
254329,901 S Plymouth,901 South Plymouth Court,Multifamily Housing
254342,3110 Sheridan Condominiums,3110 N Sheridan Rd,Multifamily Housing
254343,Apex Condominium,859 W Erie,Multifamily Housing
254344,Alden Estate of Northmoor,5831 N Northwest Hwy,Senior Living Community
254345,Alden Princeton Rehab & Health Care Center,255 W 69th St,Senior Living Community
254347,New Malcolm X College,1900 W Jackson Blvd,College/University
254348,1000 S Clark (ks50),1000 S Clark St,Multifamily Housing
254349,CA Condos on Adams,1116 S. Adams St.,Multifamily Housing
254351,Reside on Jackson,1241 &Amp; 1245 W. Jackson,Multifamily Housing
254352,Fourth Presbyterian Church of Chicago,126 E Chestnut St,Worship Facility
254353,Kingsbury Center,1415-1435 N Kingsbury,Strip Mall
254355,Schreiber Center- ID#254355,16 E Pearson St,College/University
254356,Danny Cerero,161 W 9th St,K-12 School
254357,The Resurrection Project - Casa Oueretaro,2012 W 17th St,Multifamily Housing
254359,"Jarla, LLC",1825 W. Webster Ave.,Other - Recreation
254360,Lycee Francais de Chicago,1929 W WILSON AVE,K-12 School
254361,MILA,200 N Michigan Ave,Multifamily Housing
254362,2501 N Elston Avenue,2501 N Elston Avenue,Vehicle Dealership
254364,HYP-Loop-Chicago,28 N. Franklin St.,Hotel
254365,Wolf Point West,343 W. Wolf Point Plaza,Multifamily Housing
254368,AbilityLab,355 E. Erie Ave,Outpatient Rehabilitation/Physical Therapy
254369,UCAN Therapeutic Youth Home,3640 West Fillmore Street,Other - Education
254370,Mercy Circle,3659 W 99TH ST,Residential Care Facility
254371,Park Boulevard IIB,3720 S. Dearborn Street,Multifamily Housing
254372,Lawndale Christian Health and Fitness Center,3748 W Ogden Avenue,Mixed Use Property
254373,North & Pulaski,3949 W North Ave,Multifamily Housing
254374,G&A Senior Residence at Kedzie,4054 N Kedzie,Multifamily Housing
254375,Pulaski Promenade,4064-4200 South Pulaski Road,Strip Mall
254377,Cicero & George,4800 W. George St.,Multifamily Housing
254378,2019 - 4820 N Kedzie Ave,4820 N KEDZIE AVE,Senior Living Community
254379,City Hyde Park,5105 S Harper Ave,Multifamily Housing
254381,Campus North Residential Commons,5500 South University Ave,Residence Hall/Dormitory
254382,William Eckhardt Research Center (ERC),5640 S. Ellis Ave.,Laboratory
254384,Leslie Shankman School Corporation Building,6245 South Ingleside,K-12 School
254385,St. Bernard Ambulatory Care Center,6307 S. Stewart Ave,Medical Office
254386,Halas Recreation Center- ID# 254386,6458 N Winthrop Ave,College/University
254387,The Hensley,707 N Wells,Multifamily Housing
254388,Eight O Five (gh04),805 N Lasalle Dr.,Multifamily Housing
254389,Freedom Center,825 N. Christiana,Residence Hall/Dormitory
254409,Haberdasher SOuare Lofts,728 W Jackson Blvd,Multifamily Housing
254512,NEXT - CO (nx04),347 W Chestnut St,Multifamily Housing
254513,Xavier,625 W. Division St.,Multifamily Housing
254514,"Willow SOuare (Bldg. 4) (2012 W. St. Paul,)","2012 W. St. Paul,",Multifamily Housing
254527,Strand Apartments,6321 S Cottage Grove Ave,Multifamily Housing
254534,Prairie District Lofts Condominium Association,1727 S Indiana Ave,Multifamily Housing
254535,Niche 905,905 N Orleans,Multifamily Housing
254536,Optima Signature,220 E Illinois St,Multifamily Housing
254539,Glen Lake I Condominium Association,6400 W Berteau,Multifamily Housing
254564,Irving Park Condominium,6530 W Irving Park Rd,Multifamily Housing
254567,Moment,545 N. Mcclurg Ct.,Multifamily Housing
254568,Madison Aberdeen,20 22 N Aberdeen St,Multifamily Housing
254569,Aurelién (au111),833 N Clark St.,Multifamily Housing
254570,Sherwin Sheridan LLC,7347-65 Sheridan Rd,Multifamily Housing
254571,Wicker Park Connection,1664 W Division,Multifamily Housing
254572,Carriage House (gc09),1545 S State St,Multifamily Housing
254573,3755 at Oakwood Shores (Oakwood Shores 2C),3753-3755 S. Cottage Grove,Multifamily Housing
254616,333 N. Green,333 N. Green,Office
254975,Sedgwick at Locust,367 W. Locust St.,Multifamily Housing
254976,Gallery on Wells,637 N. Wells Street,Multifamily Housing
254977,10643 - LVW  Lakeview,3201 North Ashland Avenue,Supermarket/Grocery Store
254978,Cubs Office Building,1101 West Waveland Ave,Office
254981,MiCA,North Tower: 2733 W Belden Ave,Multifamily Housing
254984,THC 1333 S. Wabash LLC,1333 S Wabash Ave,Multifamily Housing
254987,,1325 N WELLS ST,Multifamily Housing
254989,Holtschneider Performance Center,2330 N. Halstead St.,Performing Arts
254993,400 West Huron Condominium Association,400 W Huron St,Multifamily Housing
254994,N. Jefferson Chicago West Loop Hotel,118 N Jefferson St,Hotel
254995,4 East Elm,4 East Elm Street,Multifamily Housing
254996,Fletcher Jones Chicago Service (Audi),1521 W NORTH AVE,Automobile Dealership
254997,Linkt Apartments,830 North Milwaukee,Multifamily Housing
254998,Exhibit on Superior,165 W. Superior St.,Multifamily Housing
254999,2950 North Sheridan,2950 North Sheridan,Multifamily Housing
255002,53100539 -- Chicago,3857 South Dr. Martin Luther King Jr. Drive,Supermarket/Grocery Store
255003,2211 N Milwaukee (ll036),2211 N Milwaukee Ave,Multifamily Housing
255004,Ed Kaplan Family Institute for Innovation and Tech Entrepreneurship,3137 S FEDERAL ST,College/University
255005,Luxe on Chicago - CO (lx016),1838 W Chicago Ave,Multifamily Housing
255006,Wells Place Apartments (wl272),839 S Wells St,Multifamily Housing
255008,3030 North Broadway  BU #21190,3030 North Broadway,Enclosed Mall
255009,Onni Hudson LP,750 N. Hudson Ave.,Multifamily Housing
255010,Fletcher Jones Audi,949 N ELSTON AVE,Automobile Dealership
255011,Hampton Inn Chicago North/Loyola Station,1209 W Albion,Hotel
255012,Vue53,1330 E. 53rd Street,Multifamily Housing
255013,504 N. Green St.,504 N GREEN ST,Multifamily Housing
255014,Smashotels Chicago LLC,228 E. Ontario St.,Hotel
255015,Parker at Fulton Market,730 W Couch Pl,Multifamily Housing
255016,Montclare Senior Residences SLF of Lawndale LLC,4339 W. 18th Place,Senior Living Community
255017,Midway Pointe Senior Residences,5011 W 47TH ST,Multifamily Housing
255020,Onni 311 N Morgan LLC dba The Emily Hotel,311 N Morgan St,Hotel
255021,Legacy Charter School,3300 W OGDEN AVE,K-12 School
255022,505 N. Green St.,505 North Green Street,Multifamily Housing
255023,Clybourn 1200,454 W Division St,Multifamily Housing
255024,Mode Logan SOuare (mo179),1950 N Campbell Ave,Multifamily Housing
255026,Lakeview 3200 Apartments,3218 N. Clark Street,Multifamily Housing
255027,"The Cooper (th110, co020)",720 South Wells Street,Multifamily Housing
255028,1001 S State (ss098),1001 S State Street,Multifamily Housing
255083,EMME Chicago - CO (mz16),165 N Desplaines St,Multifamily Housing
255092,Schiff Residence,1244 N Clybourn,Multifamily Housing
255147,American Red Cross Greater Chicago,2200 W Harrison St,Office
255148,Gill Park Cooperative,810 W. Grace,Multifamily Housing
255149,Lincoln Village 2,6135-6199 North Lincoln,Strip Mall
255150,Kedzie Plaza,4756-4770 South Kedzie Avenue,Strip Mall
255165,The Elle (lz28),801 S. Financial Place,Multifamily Housing
255190,Wicker Park - 1241 N Milwaukee,1241 North Milwaukee Avenue,Multifamily Housing
255191,Culver,1025 East 57th Street,Laboratory
255504,601 West Polk,601 W Polk St,Data Center
255740,The Van Buren _CO (th202),808 W Van Buren St,Multifamily Housing
255743,Burnham Pointe,730 S Clark St,Multifamily Housing
255756,ASPIRA Business and Finance High School,2989 N Milwaukee Ave,K-12 School
255757,Viceroy Chicago,1118 N State Street,Hotel
255783,4631,4631-37 S. Lake Park,Multifamily Housing
255791,The Renaissance at Southshore / Symphony South Shore LLC,2425 E 71st St,Senior Living Community
255919,412 N Wells,412 N Wells St.,Office
255920,The Western,"1912, 1914, & 1920 N Milwaukee Ave",Multifamily Housing
255921,"MLK Medical Properties, LLC",2535 South King Drive,Medical Office
255922,1550 N Wieland (Chicago) Manager LLC,1550 N Wieland St,Multifamily Housing
255923,,1636 W Adams St,Multifamily Housing
255924,325 S. Paulina St. (Teamsters Local 705),325 S. Paulina St.,Office
255925,1955 North Richmond Street,1955 North Richmond Street,Multifamily Housing
255927,Kedzie Property,4447 N Kedzie,Multifamily Housing
255928,Choxy LLC,530 N Lasalle Dr,Hotel
255929,Mansueto High School,2911 W 47th St,K-12 School
255930,811 W Fulton,803 W Fulton Market,Office
255932,,33 S Ashland Ave,Multifamily Housing
255933,9 WEST WALTON CONDOMINIUM ASSOCIATION,9 W Walton,Multifamily Housing
255934,Monroe Aberdeen Place (mn147),1050 W Monroe St,Multifamily Housing
255935,Woodlawn Station,6253 S Cottage Grove Avenue,Multifamily Housing
255936,MARLOWE,169 West Huron St,Multifamily Housing
255937,710 W. Grand Apartments,710 W. Grand,Multifamily Housing
255940,1767 North Milwaukee Avenue,1767 North Milwaukee Avenue,Multifamily Housing
255941,Fifth Third Arena,1801 W. Jackson Blvd.,Ice/Curling Rink
255942,Viridian on Sheridan (vr033),734 W Sheridan Rd,Multifamily Housing
255943,Wicker Park Connection - 1640 W Division,1640 W Division,Multifamily Housing
255944,Aloft Chicago Mag Mile,243 E. Ontario Street,Hotel
255945,Eleven40 (lv002),1140 S Wabash Ave,Multifamily Housing
255946,Aberdeen,171 N. Aberdeen St,Mixed Use Property
255947,CA Washington,27 N. Aberdeen Street,Multifamily Housing
255948,Spoke Chicago (ks59),728-738 North Morgan Street,Multifamily Housing
255949,Hotel Zachary,3630 N. Clark St.,Hotel
255951,The Professional Building (Central Campus Health Center),1950 W. Polk St.,Office
255952,221 W Hubbard,221 W Hubbard St,Multifamily Housing
255953,311 W. Illinois,311 W. Illinois Street,Multifamily Housing
255954,Elevate Lincoln Park _ CO (lv008),930 W Altgeld St,Multifamily Housing
255955,Landmark West Loop,1035 W Van Buren Street,Multifamily Housing
255956,465 N. Park (Brightly),465 N. Park Drive,Multifamily Housing
255957,Old Town Park 1,1140 N Wells St,Multifamily Housing
255958,,625 W Adams St,Office
255965,5430 N. Sheridan Condo (5430 N. Sheridan Road),5430 N. Sheridan Road,Multifamily Housing
255967,The Buyer's Market Incorporated,4545 W. Division St.,Enclosed Mall
255970,The Hayden,1109 W Washington Blvd,Multifamily Housing
255977,3905 N Western,3905-29 N. Western Ave.,Multifamily Housing
256076,Left Bank at K Station (lf69) (fb17),300 N Canal St,Multifamily Housing
256077,Thornwood House Apartments (University Park),1 Thornwood Drive,Multifamily Housing
256079,Oakwood Shores 2B & 2D,3859 S. Vincennes Avenue,Multifamily Housing
256080,Oakwood Shores 2D,3744-54 S ELLIS AVE,Multifamily Housing
256081,Madden Wells Ph 1B,743 East 38th St,Multifamily Housing
256124,"1515 W Webster, LLC",1515 W Webster Avenue,Office
256125,Arlo Chicago,"168 N Michigan Ave , Arlo Chicago",Hotel
256247,63029-Sunrise of Lincoln Park,2710 North Clark St,Senior Living Community
256248,The Sinclair (nl97) (sz63),1201 North Lasalle Street,Multifamily Housing
256249,110 NC LLC,110 N Carpenter,Office
256250,Balmoral Plaza Condominium,2606-2610 W Balmoral Ave,Multifamily Housing
256263,Fulton West,1330 W. Fulton Street,Office
256264,Michigan Avenue Gardens,1808 S Michigan,Multifamily Housing
256405,8846,303 E Superior St,Laboratory
256406,8816,375 E Chicago Ave,College/University
256407,8795,340 E Superior St,College/University
256408,8794,320 E Superior St,Laboratory
256409,8793,310 E Superior St,College/University
256410,8791,300 E Superior St,Laboratory
256411,8792,303 E Chicago Ave,Laboratory
256419,Crown Hall,3360 S State Street,College/University
256420,John T. Rettaliata Engineering Center,10 W 32nd Street,College/University
256421,Pritzker Science Center,3105 S Dearborn St,College/University
256423,Perlstein Hall,10 W 33rd Street,College/University
256424,Stuart Building,10 W 31st Street,College/University
256425,Wishnick Hall,3255 S Dearborn Street,College/University
256426,Galvin Library,35 W 33rd Street,College/University
256427,Herman Hall,3241 S Federal Street,College/University
256428,McCormick Tribune Campus Center (MTCC),3201 S State Street,College/University
256429,Carmen Hall,60 E 32nd Street,Residence Hall/Dormitory
256431,Gunsaulus Hall,3140 S Michigan Avenue,Residence Hall/Dormitory
256433,Siegel Hall,3301 S State Street,College/University
256434,Keating Hall,3040 S Wabash Avenue,College/University
256435,Incubator Building,55 W 34th Street,College/University
256436,Tech Central,3424 S State Street,College/University
256437,Tech South,3450 S State Street,College/University
256438,Tech Business Center,3440 S Dearborn Street,College/University
256439,Life Sciences Research Building,35 W 34th Street,College/University
256440,IIT Research Tower,10 W 35th Street,College/University
256457,Lathrop - S101,2737 N Hoyne Avenue,Multifamily Housing
256489,640 North Wells,640 North Wells St.,Multifamily Housing
256490,5427 N. Broadway (nb003),5427 N Broadway St,Multifamily Housing
256500,Physics Research Center (PRC),933 East 56th Street,Laboratory
256501,1117-37 W Monroe,1117-1137 W Monroe,Multifamily Housing
256502,Breckinridge House,1442 E. 59th Street,Residence Hall/Dormitory
256529,Sophy Hotel,1411 E 53rd Street,Hotel
256530,Solstice on the Park,1616 E 56th St,Multifamily Housing
256531,The Mason (ms015),180 N. Ada Street,Multifamily Housing
256532,Addison & Clark (dd020),1025 W Addison St,Multifamily Housing
256534,Eight Eleven Uptown (gh000),811 W Agatite Avenue,Multifamily Housing
256536,61 E Banks,61 E Banks,Multifamily Housing
256537,The Residences at the Eagle Building,3817-45 N Broadway,Multifamily Housing
256538,Noca Blu,2340 N California Ave,Multifamily Housing
256539,210 North Carpenter,210 N. Carpenter St.,Office
256540,Hiltons at McCormick Place,"123 East Cermak, Suite 300",Hotel
256541,508 West Diversey Parkway,508 West Diversey Parkway,Multifamily Housing
256542,5525 W Diversey Avenue,5525 W Diversey Avenue,Multifamily Housing
256543,Three Sixty West Condos,360 W Erie St.,Multifamily Housing
256544,One Bennett Park,451 E Grand Ave,Multifamily Housing
256545,The Hoxton,200 N Green St,Hotel
256547,Central States,8647 West Higgins Road,Office
256548,Old Town Park 2,202 W Hill St,Multifamily Housing
256549,287 Chicago River North IL H2S,110 W Huron St,Hotel
256550,NEMA Chicago,1200 South Indiana Ave,Multifamily Housing
256553,Lincoln Common A2,2335 N Lincoln,Multifamily Housing
256554,Lincoln Common A1,2345 N Lincoln,Multifamily Housing
256555,Lincoln Common D,2350 N Lincoln,Office
256556,,727 W Madison St,Multifamily Housing
256557,1407 on Michigan (on042),1407 S Michigan Ave # 100,Multifamily Housing
256558,Arrive Michigan Avenue,1326 South Michigan Avenue,Multifamily Housing
256559,Kleo,5504 S. Michigan Ave.,Multifamily Housing
256560,AM1980 (am028),1980 N Milwaukee Ave,Multifamily Housing
256561,2031-37 N Milwaukee LLC,2025 N Milwaukee,Multifamily Housing
256563,1323 W Morse,1323 W Morse Ave,Multifamily Housing
256564,La Casa Norte,3527-3533 W North Ave,Multifamily Housing
256566,Twelve01West,176 N. Racine,Office
256569,McCrory Senior Housing,1659 W. Washington Boulevard,Multifamily Housing
256570,900 West Condo (900 W Washington Blvd),900 W Washington Blvd,Multifamily Housing
256573,Wolf Point East,313 W Wolf Point Plaza,Multifamily Housing
256574,Dore,7134 W 65th St,K-12 School
256607,Broadway 6145 Master Associates LLC,6149 N Broadway,Multifamily Housing
256614,Block 37 (Retail),108 North State Street,Enclosed Mall
256615,MarOuee at Block 37,25 West Randolph St.,Multifamily Housing
256616,Grand & Orleans,330 W. Grand Avenue,Multifamily Housing
256630,The Residences at Eight East Huron (gh23),8 E Huron St,Multifamily Housing
256634,The Burnham at Woodlawn Park,6134 S. Cottage Grove Avenue,Multifamily Housing
256639,619 S LaSalle,619 S Lasalle St,Multifamily Housing
256640,,1251 S. Michigan Avenue,Multifamily Housing
256645,Coeval 2,1419 S Wabash Ave,Multifamily Housing
256653,Diversey Square Associates II,3212 West Diversey Ave,Multifamily Housing
256655,The Oliver on LaSalle - lv048,1140 N La Salle St,Multifamily Housing
256658,Midpointe Apartments,4050 West 115th Street,Multifamily Housing
256660,Oakwood Shores 2B,3859 S. Vincennes Avenue,Multifamily Housing
256663,630 N. Franklin Condominium Association,630 N Franklin St,Multifamily Housing
256667,Oakwood Court,6547-69 N Harlem Avenue,Multifamily Housing
256668,900-10 W Winona,900-10 W Winona St,Multifamily Housing
256669,Francisco,4011 N Franicsco Ave,Multifamily Housing
256670,,1 S Leavitt Street,Multifamily Housing
256671,Chantico Lofts,1061 W 16th Street,Multifamily Housing
256672,River Walk Townhomes,2903-2923 N Claremont Ave,Multifamily Housing
256673,Harding Court,4845-4859 N Harding,Multifamily Housing
256674,Cityview Lofts,1259 N Wood Street,Multifamily Housing
256675,Signature Lofts,1750 N Wolcott Avenue,Multifamily Housing
256676,Union Row,560-648 W 16th Street,Multifamily Housing
256677,1143 S Plymouth Court,1143 S Pllymouth Court,Multifamily Housing
256678,Hale Lofts,14 N Peoria Street,Multifamily Housing
256679,Hawthorne Point,1511-1525 W Cullom Ave,Multifamily Housing
256680,Old Town Village East,1205-1255 N Orleans Court,Multifamily Housing
256709,Rosenwald Hall,1101-11 East 58th Street,Office
256727,1214 W. Jackson Blvd,1220 W. Jackson Blvd,Multifamily Housing
256728,Alta Grand Central (lt027),221 W Harrison St,Multifamily Housing
256729,Richardson,6018 S Karlov Ave,K-12 School
256730,Sadlowski,3930 E 105th St,K-12 School
256731,Lee,6448 S Tripp Ave,K-12 School
256732,Oriole Park,5424 N Oketo Ave,K-12 School
256733,Byrne,5329 S Oak Park Ave,K-12 School
256734,Burroughs,3542 S Washtenaw Ave,K-12 School
256735,Everett McKinley Dirksen Elementary School,8601 W Foster Avenue,K-12 School
256736,Addams,10810 S Ave H,K-12 School
256737,Edward Everett Elementary School,3419 S Bell Avenue,K-12 School
256745,Taft HS - Freshmen Academy,4071 N Oak Park Avenue,K-12 School
256746,Englewood Stem HS,6835 S Normal Blvd,K-12 School
256761,Renelle on the River (403 N Wabash Ave ),403 N Wabash Ave,Multifamily Housing
256766,,1802 S STATE ST,Multifamily Housing
256769,The Hampdens,2773 N Hampden Ct,Multifamily Housing
256776,SABLE AT NAVY PIER CURIO COLLECTION,900 E Grand Ave,Hotel
256777,Union West Apartments,939 W WASHINGTON BLVD,Multifamily Housing
256779,Taylor Street Library Apartments,1346 W Taylor St,Multifamily Housing
256780,Norweta Apartments - 2611 N Hermitage,2611 North Hermitage Ave,Multifamily Housing
256781,754 S Wabash,754 S Wabash,College/University
256782,110 North Wacker Drive - Bank of America Tower,110 N. Wacker Drive,Office
256783,5252,5252 S Cornell Ave,Multifamily Housing
256784,450 W Belmont (wb008),450 W Belmont,Multifamily Housing
256788,Hyatt House Chicago West Loop Fulton Market,105 North May St.,Hotel
256789,Independence Apartments,4022 N Elston,Multifamily Housing
256790,1550 North Clark Condo (1550 N Clark St ),1550 N Clark St,Multifamily Housing
256792,,845 W MADISON ST,Multifamily Housing
256793,,4346 N HONORE ST,Multifamily Housing
256794,Montclare Senior Residences of Englewood,6332 S. Green Street,Multifamily Housing
256795,Motif on Belden,2845 W Belden Avenue,Multifamily Housing
256796,,1555 N ASHLAND AVE,Hotel
256797,,1135 W SHERIDAN RD,Multifamily Housing
256799,Coeval - CO (cv013),51 E 14th St,Multifamily Housing
256802,Upshore Chapter (up005),4555 N Sheridan Rd,Multifamily Housing
256803,1502 N Ainslie LLC,4914 N CLARK ST,Multifamily Housing
256805,Northtown Apartments,2410 W Pratt,Multifamily Housing
256808,Milieu Apartments,205 South Peoria Street,Multifamily Housing
256809,North+Vine,633 W North Ave,Multifamily Housing
256810,Montclare Senior Residences of Calumet Heights,9401 S Stony Island,Multifamily Housing
256811,David Rubenstein Forum,1201 East 60th Street,Convention Center
256812,Woodlawn - University of Chicago,1156 E 61st Street,Multifamily Housing
256815,Logan - (lg058),2522 N Milwaukee Ave,Multifamily Housing
256816,Edens Collection,4601-4715 W. Foster Avenue,Strip Mall
256817,4400 Grove Apartments - North Bldg,4424 Cottage Grove,Multifamily Housing
256818,4400 Grove Apartments - South Bldg,4434 Cottage Grove,Multifamily Housing
256819,,100 South State Street,Office
256827,Wildwood,6950 N Hiawatha Ave,K-12 School
256829,Superior House,366 W Superior St.,Multifamily Housing
256831,Aspire,2111 S. Wabash,Multifamily Housing
256834,1375 Fulton,1375 W Fulton,Office
256835,Trailhead,1744 N Western Ave,Multifamily Housing
256836,1440 N Dayton Street,1440 N Dayton Street,Office
256837,2150 S Canalport Avenue,2150 S Canalport Avenue,Office
256838,,5841 S. Maryland Ave MC0985,Hospital (General Medical & Surgical)
256844,1308 N Elston Avenue,1308 N Elston,Mixed Use Property
256845,Ambassador Nursing & Rehabilitation Center,4900 North Bernard St,Senior Living Community
256847,,2071 N Southport Avenue,Office
256857,MAYNARD AT ELAINE PLACE - CLK,3426 N Elaine Place,Multifamily Housing
256874,Imprint -CO (mp041),717 S Clark St,Multifamily Housing
256876,CH2,1432 S. Clinton St,Data Center
256877,167 N. Green,167 N. Green St.,Office
256879,2755 N Milwaukee Avenue,2755 N Milwaukee Avenue,Multifamily Housing
256880,OneChicago,23 W Chicago Ave,Multifamily Housing
256882,Alcove Condominium,1648 W Division St,Multifamily Housing
256883,Onni Grand LP,369 W. Grand Ave.,Multifamily Housing
256885,Westerly - CO (ws320),740 N Aberdeen St,Multifamily Housing
256886,215 N Peoria St,215 N Peoria St,Office
256888,318 N. Carpenter,318 N. Carpenter,Office
256890,Cascade,455 East Waterside Drive,Multifamily Housing
256891,,104 S LAFLIN ST,Multifamily Housing
256892,335 Schiller LLC,343 W Schiller St,Multifamily Housing
256893,Cirrus Condominium (211 N Harbor Dr ),211 N Harbor Dr,Multifamily Housing
256894,Old Town Park - Phase 3,228 W Hill Sr,Multifamily Housing
256897,Steppenwolf Theatre Company Liz and Eric Lefkofsky Arts and Education Center,1646 N. Halsted St.,Performing Arts
256898,RUMC - Rubschlager Building,1520 W. Harrison Street,Medical Office
256900,320 N Sangamon,320 North Sangamon,Office
256904,Southbridge 9 Master Owner LLC,2344 S State St,Multifamily Housing
256953,Parkside of Old Town Phase III Midrise,532 W Hobbie 551 W Elm 531 W Elm,Multifamily Housing
256954,Wrigleyville Lofts,949 W. Dakin Street,Multifamily Housing
256955,"Fletcher Lofts, LLC",3141 N Sheffield Ave.,Multifamily Housing
256956,Michigan Ave Suites LLC,320 N Michigan Ave,Multifamily Housing
256959,,849 W Ohio Street,Multifamily Housing
256960,,1922 W Ogden Ave,Multifamily Housing
256961,,1201 N Clark,Multifamily Housing
256962,30 East (st522),30 E Balbo Ave,Multifamily Housing
256964,Poe,10538 S Langley Ave,K-12 School
256965,Dever,3436 N Osceola Ave,K-12 School
256966,Daniel C. Beard Elementary School,6445 W Strong St,K-12 School
256968,,4124-4132 N Kedvale Avenue,Multifamily Housing
256997,ZoeLife 400 Aberdeen LLC,400 N Aberdeen Street,Laboratory
256999,Arrive South Loop,1935 South Wabash Ave,Multifamily Housing
257000,"A&M 445 WEST ERIE, LLC",445 West Erie,Office
257001,Webster SOuare Condominiums,540 W Webster,Multifamily Housing
257024,Evo Union Park (wr034),1454 W Randolph St,Multifamily Housing
257026,"8747 W. BRYN MAWR CONDOMINIUM ASSOCIATION, INC.",8747 W Bryn Mawr Ave,Multifamily Housing
257027,Bryn Mawr Place 1 Condominium Association,8711 W Bryn Mawr Ave,Multifamily Housing
257029,AMLI 808,808 N Wells St,Multifamily Housing
257030,Canal Crossing Condominiums,2322 S Canal St,Multifamily Housing
257032,Optima Lakeview,3460 N Broadway St,Multifamily Housing
257033,"8727 W. BRYN MAWR CONDOMINIUM ASSOCIATION, INC.",8727 W Bryn Mawr Ave,Multifamily Housing
257034,,9101 S Euclid Ave,K-12 School
257035,,2929 W 83rd St,K-12 School
257043,43 Green Phase I (gr635),4308 S Calument Ave,Multifamily Housing
257044,Sentral Michigan Avenue (ss009),808 S Michigan Ave,Multifamily Housing
257046,1400 Wabash (wa129),1400 S Wabash Ave,Multifamily Housing
257149,345 North Morgan,345 N Morgan St,Office
257151,Linea Apartments (ln257),215 W Lake St,Multifamily Housing
257153,Roosevelt Collection (rs314),1135 S Delano Ct E,Mixed Use Property
257154,4144 N Sheridan,4144 N Sheridan,Multifamily Housing
257161,320 South Canal,320 South Canal Street,Office
257167,306 W Erie,306 W Erie St,Office
257173,24 East Washington Street,24 East Washington Street,Office
257174,"1547 CSR-Chicago Wells, LLC",725 S. Wells,Data Center
257175,Binny's (1132 S Jefferson St),1132 S Jefferson St,Retail Store
257178,CHCHIL76_IB00100009489/O10170/4533 W ROSCOE ST/CHICAGO/IL,4533 W Roscoe St,Office
257179,CHCXILCW_IB00100005568/OB8292/2011 W HASTINGS ST/CHICAGO/IL,2011 W Hastings St,Office
257180,905 Fulton Market,905 W Fulton Street,Office
257182,The Jackson at Woodlawn Park,6230 South Cottage Grove Avenue,Multifamily Housing
257183,Greenwood Park Apartments,1023 East 47th St,Multifamily Housing
257185,Levy House,1221 W Sherwin Avenue,Multifamily Housing
257186,Uptown Preservation Apartments,4431 N. Clifton,Multifamily Housing
257188,Archer Senior,2928 S Archer Avenue,Multifamily Housing
257189,Hazel Winthrop,852-854 W. Sunnyside,Multifamily Housing
257191,Emmett Street,2614 N Emmett Street,Multifamily Housing
257193,Sor Juana,4034 W 56th St,K-12 School
260008,2731-2739 N Milwaukee Ave,2731-2739 N Milwaukee Ave,Multifamily Housing
260025,Autumn Green at Wright Campus,4239 N. Oak Park Ave,Senior Living Community
260029,Blackstone Court LLC,5724-5734 S. Blackstone Ave.,Multifamily Housing
260032,AlgonOuin #3,1616 E. 50th Street,Multifamily Housing
260034,AlgonOuin #5,1617 E. 50th Street,Multifamily Housing
260037,5222 S Drexel,5222 S Drexel Avenue,Multifamily Housing
260042,Arrive Streeterville,333 E Ontario Street,Multifamily Housing
260051,3710 N PINE GROVE LLC,3710 N Pine Grove Ave,Multifamily Housing
260054,South Park Plaza,2600  S KING DR,Multifamily Housing
260060,2300 N Commonwealth,2300 N Commonwealth Ave,Multifamily Housing
260073,Friendly Towers,920 W. Wilson,Multifamily Housing
260074,236-Senior Suites of Rainbow Beach,2804 E. 77th Place,Senior Living Community
260077,The Renaissance,901 W. Argyle Ave.,Multifamily Housing
260078,Auburn Commons,1626 W 87th St,Multifamily Housing
260086,Museum Walk Apartments,5541 S. Everett,Multifamily Housing
260088,231-Senior Suites-Garfield Ridge,5839 S. Harlem Avenue,Senior Living Community
260091,,5550 5556 S DORCHESTER AVE,Multifamily Housing
260093,5514 Blackstone Ave,5514 S. Blackstone Ave,Multifamily Housing
260101,,4747 S DR MARTIN LUTHER KING JR DR,Multifamily Housing
260104,Courtyard on the Boulevard Condominium Association,5101-5113 S. Ingleside Ave.,Multifamily Housing
260116,,3812  S MICHIGAN AVE,Multifamily Housing
260118,440 W Barry LLC,440 W Barry Ave,Multifamily Housing
260123,Innisbrook IV Condominium Association,5355-71 N Delphia,Multifamily Housing
260127,The Gage Commericial Condominium Building,18-28 S. Michigan Avenue,College/University
260129,Plumbers Local 130 UA,1340 W Washington Boulevard,Office
260132,O11970/2401 W GRACE ST/CHICAGO/IL,2401 W Grace St,Office
260135,309-315 W 23rd Condo Assocication,313 W 23rd Street,Multifamily Housing
260149,Riverside SOuare & River's Edge/ 90033,3145 South Ashland,Strip Mall
260150,Cummings Life Science Center,920 E 58th St,Laboratory
260184,Hampden Green Condominium Association,2728 N Hampden Court,Multifamily Housing
100303,6747 6759 S OGLESBY AVE,6747 6759 S OGLESBY AVE,
100469,,5527 5537 S EVERETT AVE,
100489,,4520 4528 S Drexel Blvd,Residential
100507,,4950 4952 S Prairie Ave,Residential
100623,Mayan Lagoon Apartments,1345 1359 W Estes Ave,Residential
100668,Allstate Building,3245 W Arthington St,Commercial
100683,Transforming Housing III,7000  S Parnell Ave,Residential
100733,,840 S Canal St,Commercial
100770,,7419 7425 S COLFAX AVE,
100878,,1521 1523 W SHERWIN AVE,
100984,,1604 1610 W Sherwin Ave,Residential
101086,,1016  W Hollywood Ave,Residential
101177,,6901 6921 S Paxton Ave,Residential
101263,,900  W Argyle St,Residential
101329,Pioneer Village,340  E 38th St,Residential
101410,2400 W BALMORAL AVE,2400  W BALMORAL AVE,
101503,,5604 5624 S Wabash Ave,Residential
101671,,6101 6115 N Seeley Ave,Residential
101675,Holiday Inn Chicago O'Hare,5615 N Cumberland Ave,Residential
101826,Drexel Building,8136 8142 S Drexel Ave,Residential
101873,24 W. Randolph,24 W. Randolph,Performing Arts
101894,,7600 7612 S South Shore Dr,Residential
101904,,2115  W Farwell Ave,Residential
101978,,42 46 N Waller Ave,Residential
102055,,740 750 W Addison St,Residential
102093,,551 555 N Pine Ave,Residential
102136,,5301 5311 W Washington Blvd,Residential
102311,Veterans Square strip center & office bldg,4827 4855 N Milwaukee Ave,Commercial
102473,,523 531 W Cornelia Ave,Residential
102550,Eastwood by the Lake,809 817 W Eastwood Ave,Residential
102590,,4627 4637 S Drexel Blvd,Residential
103052,,825 835 W Cornelia Ave,Residential
103205,,7260  S South Shore Dr,Residential
103409,,7733  S South Shore Dr,Residential
103449,,7616  S South Shore Dr,Residential
103475,Jeffery Place Apartments,7235 7245 S Jeffery Blvd,Residential
103495,,7465  S South Shore Dr,Residential
103593,St. Edmund's Tower,6145  S MICHIGAN AVE,
103767,57F47-CHIRL-Residence Inn Chicago DTLoop,11 S. La Salle St.,Hotel
104084,841 849 W CORNELIA AVE,841 849 W CORNELIA AVE,
104267,,912 932 W GORDON TER,
104374,,6000  N SHERIDAN RD,
104384,Kenmore Realty Apartments,6011 6015 N Kenmore Ave,Residential
104385,,6001  N KENMORE AVE,
104993,6705 6707 N CALIFORNIA AVE,6705 6707 N CALIFORNIA AVE,
105014,5416 5422 N KENMORE AVE,5416 5422 N KENMORE AVE,
105233,Loyola Beach Apartments,7064  N Sheridan Rd,Residential
105302,Drexel Square,810  E Hyde Park Blvd,Residential
105472,,5816  N Sheridan Rd,Residential
105609,,426 432 W BRIAR PL,
105709,The Whitehall Hotel,103 109 E Delaware Pl,Residential
105785,Poinsettia Apartments,5528 5530 S Hyde Park Blvd,Residential
106184,,5300 5308 S Pulaski Rd,Residential
109276,,5337 5353 N Delphia Ave,Residential
111083,,3506  S State St,Residential
112013,,6455  W Belle Plaine Ave,Residential
112110,Hyatt House Chicago,1835 W Harrison St,Lodging
112300,Innisbrook I Condominium Association,5301  N Delphia Ave,Residential
115108,,3825  N Pine Grove Ave,Residential
115775,,6715 6723 S Paxton Ave,Residential
116697,,1322 1328 S Wabash Ave,Residential
117358,,5125  S Kenwood Ave,Residential
119269,1101 W. LAKE STREET CONDOMINIUM,1101 W Lake St,Commercial
119405,,226 W Ontario St,Commercial
119564,Plaza Arms,501 525 N Central Ave,Residential
121286,The CMP Chicago Business Center,2600 W 35th St,Commercial
124056,Consumer Building,211 223 S State St,Commercial
124456,,4901 4917 W Irvingpark Rd,Commercial
124699,The Van Buren Building,210 214 W Van Buren St,Commercial
128007,,7248 7256 N Western Ave,Residential
128243,,4909 W Division St,Commercial
128870,Former Sears store,1334 E 79TH ST,
129963,,2290 S Grove Street,Commercial
130218,,2430 2458 W George St,Commercial
130629,,3510 3524 S Western Ave,Commercial
130684,Chicago Medical Training Office,7431 7445 S East End Ave,Commercial
130949,Life Changers International Church,1337 W 15th St,Commercial
131428,Huron Street Lofts,217 235 W Huron St,Residential
131999,,646 652 S Clark St,Residential
132161,,4000 4006 W North Ave,Commercial
132388,,3913 3959 W Madison St,Commercial
132435,,1335 1345 W Lake St,Commercial
134914,,401 E Ontario St,Commercial
134965,"""I AM"" Temple of Chicago",176 W Washington St,Commercial
135166,One West Monroe,1 W Monroe St,
135620,,8704 S Constance Ave,Commercial
136695,,3636 3646 S Iron St,Commercial
136784,Columbus Manor Nursing Home,5107 W. Jackson Blvd.,Other - Lodging/Residential
138293,Grasmere Place,4617 4625 N Sheridan Rd,Residential
140928,,6049 6059 W Irving Park Rd,Residential
144123,Parkville Condominiums,5726 5744 S Dr Martin Luther King Jr Dr,Residential
145637,,4815 4835 W Belle Plaine Ave,Residential
148904,,3727 3741 N Milwaukee Ave,Residential
152408,,735 745 W Garfield Blvd,Residential
156573,,2 12 S Halsted St,Commercial
156772,The LaSalle Atrium Building,401 S Lasalle St,Commercial
157170,Garvey Court,201 N CLARK ST,
158596,,4025 4041 N KEDVALE AVE,
158748,American Islamic College,640 W Irving Park Rd,Commercial
159187,Midway Gardens Apartments,727 E 60th St,Residential
159575,Webster House Apartments,2150 N Lincoln Park,Residential
159902,Montgomery Place,5550 S Shore Dr,Residential
160164,Schulze Bakery (vacant),40 E Garfield Blvd,Commercial
160204,4025 West Peterson Ave,4025 W Peterson Ave,
160214,Belmont Village Senior Living Lincoln Park,700 W Fullerton Ave,Commercial
160280,"The Ritz-Carlton Residences, Chicago, Magnificent",118 E Erie St,Multifamily Housing
160440,Pittsfield Building,55 E Washington St,Residential
162804,Salvation Army College of Officer Training,3539  N Halsted St,Residential
164283,,929 E 103rd St,Commercial
165659,Anixter Center,2032 N Clybourn,Commercial
171956,,465 W Cermak Rd,Commercial
172169,,1443 1447 E 65th St,Residential
172177,Third Baptist Church of Chicago,1551 W 95th St,Commercial
172296,,412  S Wells St,Residential
172307,,1828  S Wentworth Ave,Residential
172396,Greater Bethlehem Healing Temple Apostolic,12 S Oakley Blvd,Commercial
172448,,100 118 N Pulaski Rd,Residential
172471,,4320 4326 W Madison St,Residential
172547,,2222 S Michigan Ave,Commercial
172551,East Side Lofts,1601 S Indiana Ave,Residential
172615,,2843 N LINCOLN AVE,
172637,,800 900 W 115TH ST,
172707,,4006 4016 N Austin Ave,Residential
172795,Best Western Grant Park Hotel,1100  S Michigan Ave,Residential
172798,Hales Franciscan,4930 S Cottage Grove Ave,K-12 School
173776,Commonwealth on the Park Apartments,331  W Oakdale Ave,Residential
173781,Irving Park YMCA,4251 4259 W Irving Park Rd,Residential
173783,Park Vista Apartments,4840  N Linder Ave,Residential
173789,,5332 5340 W Windsor,Residential
173862,,5123  N Sheridan Rd,Residential
173929,Parkland Condominiums,6701 S Crandon Ave,Residential
174189,,16  N Morgan St,Residential
174240,608 E 51ST ST,608  E 51ST ST,
174693,,809  E 40th St,Residential
175049,,7311 7339 S Cottage Grove Ave,Residential
175085,,1310 1316 E Hyde Park Blvd,Residential
175106,,5235  W Lake St,Residential
175113,,8039 8045 S Manistee Ave,Residential
175126,,7750 7752 S MUSKEGON AVE,
175130,,5925  N Paulina St,Residential
175190,Greenwood Village,3931 3959 W 104th St,Residential
175196,7200 12 S BENNETT,7200 12 S BENNETT,
175219,,7834 7844  S Ellis Ave,Residential
175220,Joshua's Prayer House Coptic Temple,6855 S EMERALD ST,
175226,,5233 5237 S Greenwood Ave,Residential
175236,,4633 4645 N Kedzie Ave,Residential
175262,,6800  S Normal Blvd,Residential
175265,,3201 3219 W North Ave,Commercial
175276,,7650  N Paulina St,Residential
175296,,5623  W Washington Blvd,Residential
175304,550 WELLINGTON AVE,550 WELLINGTON AVE,
175330,,7107 7129 S Bennett Ave,Residential
175398,,5630  S MICHIGAN AVE,
175422,,3713  N SOUTHPORT AVE,
175433,1130 S Wabash Ave,1130 S Wabash Ave,Office
175447,Ford City Office,7601 S Kostner Ave,Commercial
175461,,1818 1828 E 72ND ST,
175493,,4812 4846 N Clark St,Residential
175494,,1415 N Dayton St,Commercial
175521,Harper Center Apartments,5460 5470 S Harper Ave,Residential
175567,Ivy Hotel Chicago,233  E Ontario St,Residential
175605,1513 N WELLS ST,1513 N WELLS ST,
175676,,4554 N Broadway St,Commercial
175695,Le Cordon Bleu College of Culinary Arts,361 W Chestnut St,Commercial
175699,,6700  S Constance Ave,Residential
175733,,540 N Lasalle St,Commercial
175743,,3000 3030 W Marquette Rd,Residential
175780,,5020 5030 S Woodlawn Ave,Residential
175789,,7540 7554 S Stony Island,Commercial
175819,,5638 5646 N Clark St,Residential
175884,,315 N Racine Ave,Commercial
175892,,4526  N SHERIDAN RD,
176018,Wilson Windsor Apartments,915  W Wilson Ave,Residential
225170,,5601 N Sheridan Rd,Residential
240068,The Farallon Condominium,600 N Dearborn St.,Multifamily Housing
242950,Park Place Chicago Condominium Association,600 N. Kingsbury Street,Multifamily Housing
243190,2 East Erie Condominium Association,2 East Erie Street,Multifamily Housing
244591,630 North State Parkway Condo,630 North State,Multifamily Housing
244840,235 W. Van Buren Condo Association,235 W Van Buren,Multifamily Housing
250027,Garfield Park Conservatory,300 N Central Park Ave,Other
251290,Millenium Knickerbocker,163 E Walton Pl,Residential
251354,"King Elementary, William H.",740 S CAMPBELL AVE,
251361,Bontemps Elementary -CPS,1241 W 58th St,
251371,Paderewski Learning Academy,2221 S LAWNDALE ST,
251374,Laura S Ward Elementary -CPS,410 N Monticello Ave,K-12 School
251378,"Wentworth, Daniel S",6950 S SANGAMON ST,
251398,Overton Community Hub,221 E 49th St,Residential
251400,Songhai Learning Institute -CPS,11725 S Perry Ave,
251402,Dett -CPS,2306 W Maypole Ave,K-12 School
251412,"Goldblatt Elementary, Nathan R -CPS",4255 W Adams,K-12 School
251415,Kohn Elementary -CPS,10414 S State St,K-12 School
251428,"Henson Elementary, Matthew A -CPS",1326 S Avers Ave,K-12 School
251436,Princeton Ac,5101 S PRINCETON,
251453,"Melody Elementary, Genevieve",412 S KEELER AVE,
251468,Fiske Elementary -CPS,6145 S Ingleside Ave,K-12 School
251485,Aspire Center,5500 W Madison St,K-12 School
251492,Attucks -CPS,5055 S State St,K-12 School
251515,Calhoun North -CPS,2801 W Adams,K-12 School
251527,Key Elementary -CPS,509 N Parkside,
251538,Morgan Elementary,8407 S Kerfoot Ave,K-12 School
251540,Woods Academy,6200 S Racine,K-12 School
251549,Peterson Early Childhood,3256 W BRYN MAWR AVE,
251552,"Parkman Elementary, Francis",245 W 51st St,K-12 School
251587,Charles W Earle Elementary -CPS,6121 S Hermitage Ave,K-12 School
251611,Mann Elementary -CPS,8050 S Chappel Ave,K-12 School
251618,School Of Leadership HS -CPS,7529 S Constance Ave,K-12 School
251635,West Pullman School Senior Community,11941 S Parnell Ave,Residential
251653,KIPP Academy Chicago Primary,116 N Leclaire Ave,Municipal
251664,Chicago Waldorf School,5200 N Ashland Ave,K-12 School
251703,"Pope Elementary, Nathaniel -CPS",1852 S Albany Ave,
251705,Yale -CPS,7025 S Princeton Ave,K-12 School
251869,Albany Square,4445 N PULASKI RD,
251876,Sizemore - Shabazz Charter,1540 W 84th St,K-12 School
251886,Ross Elementary (Cockrell Cpc) -CPS,6059 S Wabash Ave,K-12 School
251894,Robeson HS -CPS,6821 S Normal,
251907,Burnham Mathematics And Science Academy -CPS,1903 E 96th St,K-12 School
251913,"Peabody Elementary, Elizabeth",1440 W AUGUSTA,
251914,THE CENTER of Englewood,838 W Marquette Rd,Other
251942,Lake Shore Hospitality Inc,4900 S Lake Shore Dr,Residential
252303,,6236-44 S King Dr,Residential
252316,Sylvia Center,4615 N Clifton Ave,Residential
254152,Damen Marketplace,2455 S Damen Ave,Commercial
254346,Morgan Park Sports Center,11505 S Western Ave,
254367,GEMS World Academy Chicago,350 E South Water St,
254376,Moving Everest Charter School,416 N Laramie Ave,
254988,,434 W MELROSE ST,
255090,,7122 S Jeffery Blvd,
255091,,900 N North Branch St,Commercial
255758,The Field School,517 N Parkside Ave,Commercial
255931,1767 Rosehill,1767 Rosehill Dr,
255938,The Church of Jesus Christ of Latter-day Saints,822 N Clark St,
255939,XS Tennis and Education Foundation,5336 S State St,
255984,,737 N Ada St,
256422,Materials & Metals Building,3350 S Federal Street,Commercial
256430,Cunningham Hall,3100 S Michigan Avenue,Residential
256441,,3300 S Federal St,
256455,,2801-13 N Leavitt Street,Residential
256456,,2815-27 N. Leavitt Street,Residential
256458,United Center Office Building,1901 W Madison St,
256527,Hilton Garden Inn,55 E 11th St,
256528,,710 W 14th St,
256535,Artis of Lakeview (Senior Living),3535 N Ashland Ave,
256546,New Life Covenent Church-SE,7621 S Greenwood Ave,
256551,,909 S Jefferson St,
256552,,4758 N Laramie Ave,
256562,,450 N Morgan St,
256565,111 S Peoria St,111 S Peoria St,
256567,,1554 N Talman Ave,
256568,Vista Tower,363 E Wacker Dr,
256571,,175 S Wells St,
256572,,1667 N Western Avenue,
256575,South Loop Elementary School,1601 S Dearborn St,K-12 School
256606,Pullman Industrial Center,900 East 103rd Street,
256608,Laystrom Manufacturing Company,3900 W Palmer St,
256646,Coeval 1,51 E 14th Street,Residential
256647,,2356 East 70th Street,Residential
256656,Logan Vistas Apartments,2600 North Kedzie Ave,Residential
256659,3161 N lIncoln,3145-61 N Lincoln,
256681,,1112 S Wabash Avenue,Commercial
256690,Ingleside Investment Group LLC,1335 W FARGO AVE,
256707,,1840 N Marcey Street,
256708,Walker Museum,1115-25 East 58th Street,
256710,Bennett Apartments,7131 S Bennett,Residential
256759,Warren Apartments,1533 W.Warren Blvd,Residential
256760,Illinois Masonic Medical Office Center,3000 North Halsted Street,Commercial
256762,,24 East Washington Street,
256764,,450 W Belmont,
256765,,2750 N ELSTON AVE,
256767,,146 W Erie St,
256768,,355 E Wacker Dr,
256770,,1531 W HOWARD ST,
256771,,2942 W North Ave,
256772,,128 S Laflin St,
256773,,1604 N Richmond St,
256774,,1957 N Fairfield Ave,
256775,Pullman Community Center,10355 S Woodlawn Ave,Other
256778,,3939 W Devon Ave,
256785,The Meridian,2217 W Madison St,
256786,,2823 W Belmont Ave,
256787,,121 E 47TH ST,
256791,Manufacturing Technology and Engineering Center (MTEC),4101 W 76th St,
256798,,2405 W Hutchinson St,
256801,,804 W MONTROSE AVE,
256804,,810 W Wayman St,
256806,Oso Apartments,3435 W Montrose Ave,
256807,,209 E CULLERTON ST,
256813,,639 W Roosevelt Rd,
256814,Avenir,730 N Milwaukee Ave,
256826,,1201 W Lake Street,
256830,,717 S. Wells,Commercial
256832,,4155 S Packers Ave,
256833,,145 South Wells,Commercial
256840,,1643 N Milwaukee Avenue,Mixed Use Property
256841,,1649 Broadway,
256842,,2017 Mendell St,Commercial
256846,Skytech Lofts,6 S Laflin St,Residential
256856,The Maynard at Elaine Place,3444 N Elaine Pl,Residential
256875,,1448 W Madison St,
256878,Cicero Senior Lofts,4835 S Cicero Ave,
256881,,1525 N ELSTON AVE,
256884,,633 S Lasalle St,
256887,,1700 N Western Ave,
256889,,6314 N WINTHROP AVE,
256895,,3763 N SHEFFIELD AVE,
256899,,1521 N ELSTON AVE,
256901,,155 W NORTH AVE,
256903,,2310 S State St,
256952,,2100 S Morgan,Commercial
256957,,20 E Delaware Place,
256958,,11640 S Marshfield Ave,
256963,,4351 S Drexel Boulevard,Commercial
256998,,609 W Randolph St.,
257025,,700 W. Chicago Ave.,Commercial
257028,,8757 W Bryn Mawr,
257031,,312 W 23rd pl,
257036,,1700 West Van Buren Street,Commercial
257037,23rd Place at Southbridge Apartments,2300 S State St,
257038,,3001 N Southport Ave,
257040,,77 West Huron Street,
257042,,3516 E 118th Street,
257045,,513 S Damen Ave,Residential
257047,,160 N Elizabeth St,Residential
257048,,166 N Aberdeen St,Residential
257057,,234 West Polk St,Residential
257058,The Saint Grand,218 E Grand Ave,Residential
257059,The Leo,741 N Wells St,Residential
257060,,1625 N Harlem Ave,Commercial
257062,,1044 W Van Buren St,Residential
257063,New Hampton Inn & Suites,710 S Seeley Ave,Commercial
257064,Cassidy on Canal,350 N Canal St,Residential
257065,,3928 N Lincoln Ave,
257067,Ogden Commons,1325 S Washtenaw Ave,
257068,,868 N Wells St,Residential
257069,,311 W Huron St,
257070,,920 N Wells St,
257071,,801 W Belmont Ave,Commercial
257072,,21 N May St,Residential
257074,,4713 N Western Ave,
257075,,626 S Wabash Ave,Commercial
257077,Stephens Commons,833 W Wilson Ave,Residential
257078,,537 W Drummond Pl,Residential
257080,,4443 W Chicago Ave,Commercial
257081,RIU Plaza Hotel,150 E Ontario St,
257082,Park Boulevard,41 W 36th St,Residential
257083,Park Boulevard,42 W 37th St,Residential
257085,,6044 N Winthrop Ave,
257086,,1114 W Carroll Ave,Commercial
257087,,3431 N Ashland Ave,Commercial
257088,,4942 W 44th St,Residential
257089,,6311 S Maryland Ave,Residential
257090,,3501 N Halsted St,Commercial
257091,Pershing Place,624 E Pershing Rd,Residential
257092,,6623 S Dr Martin L King Jr Dr,Commercial
257093,,3449 N Ashland Ave,Residential
257094,,503 E Pershing Rd,
257095,,451 E Pershing Rd,Residential
257096,,5753 N Broadway,Residential
257098,,2924 W Medill Ave,Residential
257099,The Porter,2411 N Lincoln Ave,Residential
257100,Encuentro Square,3759 W Cortland St,Commercial
257101,Encuentro Square,1844 N Ridgeway Ave,Commercial
257102,Thrive Englewood,6249 S Sangamon St,
257103,,145 N Damen Ave,
257104,The Seng,869 W Blackhawk St,Residential
257105,,1203 N California Ave,Residential
257106,Foundry,1475 N Kingsbury St,
257108,,753 W 79th St,
257109,Post Chicago,853 W Blackhawk St,Residential
257110,,9621 S Cottage Grove Ave,Commercial
257112,,1802 W Berenice Ave,Residential
257113,,210 N Aberdeen St,Residential
257114,,1134 S Wood St,Commercial
257115,Straits Row Apartments,633 S La Salle St,Commercial
257116,,360 N Green St,Residential
257117,,225 N Elizabeth St,Commercial
257118,,1101 W Van Buren St,
257119,,4600 N Marine Dr,Residential
257120,,4102 N Sheridan Rd,
257121,,5354 N Sheridan Rd,Residential
257122,,812 W Adams St,Residential
257123,The Clybourn,3140 N Clybourn Ave,
257125,,4720 S California Ave,
257127,,3821 N Ashland Ave,Residential
257128,,160 N Morgan St,Residential
257129,,1138 W Belmont Ave,Residential
257130,,3817 N Ashland Ave,
257131,,1357 W Roosevelt Rd,Residential
257132,,1257 W Roosevelt Rd,Residential
257135,Portrait,948 W Sunnyside Ave,Commercial
257137,,1723 S Michigan Ave,
257150,,321 E 43rd St,Residential
257155,,1229 W Concord Pl,Commercial
257168,The Sally,1135 W Winona St,Residential
257169,,4600 N Kenmore,Residential
257170,,5440 N Sheridan,Residential
257192,,918 W School Street,Residential
257194,,3000-3048 S. Halsted Street,Commercial
260040,,5335 5349 N CALIFORNIA AVE,
260083,Country Club Apartments,6930 6950 S South Shore Dr,Residential
