{"GHGIntensity":{"count":3180.0,"mean":8.1,"min":0.0,"max":555.1,"twentyFifthPercentile":5.1,"median":6.5,"seventyFifthPercentile":8.4},"TotalGHGEmissions":{"count":3180.0,"mean":1858.0,"min":1.3,"max":137220.8,"twentyFifthPercentile":475.2,"median":843.7,"seventyFifthPercentile":1782.5},"ElectricityUse":{"count":3333.0,"mean":8753314.5,"min":0.0,"max":1003962916.3999999762,"twentyFifthPercentile":1531913.8,"median":3270126.2999999998,"seventyFifthPercentile":7718790.2000000002},"NaturalGasUse":{"count":3280.0,"mean":9298298.0999999996,"min":-4774717.7999999998,"max":346816224.6999999881,"twentyFifthPercentile":2447215.2000000002,"median":5038309.5999999996,"seventyFifthPercentile":10010281.0},"SourceEUI":{"count":3202.0,"mean":157.8,"min":0.2,"max":10063.4,"twentyFifthPercentile":99.9,"median":126.8,"seventyFifthPercentile":164.1},"SiteEUI":{"count":3215.0,"mean":91.9,"min":0.1,"max":8332.4,"twentyFifthPercentile":57.6,"median":74.7,"seventyFifthPercentile":96.8},"YearBuilt":{"count":3294.0,"mean":1963.7,"min":1815.0,"max":2020.0,"twentyFifthPercentile":1927.0,"median":1969.0,"seventyFifthPercentile":2000.0},"GrossFloorArea":{"count":3362.0,"mean":253199.8,"min":16333.0,"max":9245333.0,"twentyFifthPercentile":76482.8,"median":123698.5,"seventyFifthPercentile":269870.0},"DistrictSteamUse":{"count":2719.0,"mean":1103111.0,"min":-4346413.4000000004,"max":730978743.7999999523,"twentyFifthPercentile":0.0,"median":0.0,"seventyFifthPercentile":0.0},"DistrictChilledWaterUse":{"count":2702.0,"mean":798155.3,"min":-1343687.2,"max":452189113.6999999881,"twentyFifthPercentile":0.0,"median":0.0,"seventyFifthPercentile":0.0}}