{"GHGIntensity":{"count":3341.0,"mean":8.2,"min":0.3,"max":555.1,"twentyFifthPercentile":5.2,"median":6.5,"seventyFifthPercentile":8.5},"TotalGHGEmissions":{"count":3341.0,"mean":1925.6,"min":17.0,"max":173705.5,"twentyFifthPercentile":480.6,"median":852.9,"seventyFifthPercentile":1803.9},"ElectricityUse":{"count":3336.0,"mean":8996454.8000000007,"min":0.0,"max":987573211.0,"twentyFifthPercentile":1692990.8999999999,"median":3440503.7999999998,"seventyFifthPercentile":7977562.2000000002},"NaturalGasUse":{"count":3278.0,"mean":9781802.6999999993,"min":-4774717.7999999998,"max":346816224.6999999881,"twentyFifthPercentile":2697598.7000000002,"median":5237986.5999999996,"seventyFifthPercentile":10364276.5},"SourceEUI":{"count":3341.0,"mean":158.2,"min":4.9,"max":10063.4,"twentyFifthPercentile":100.2,"median":126.8,"seventyFifthPercentile":164.5},"SiteEUI":{"count":3341.0,"mean":92.1,"min":1.9,"max":8332.4,"twentyFifthPercentile":57.6,"median":74.7,"seventyFifthPercentile":97.2},"YearBuilt":{"count":3341.0,"mean":1963.7,"min":1815.0,"max":2020.0,"twentyFifthPercentile":1927.0,"median":1969.0,"seventyFifthPercentile":2000.0},"GrossFloorArea":{"count":3341.0,"mean":252993.0,"min":16333.0,"max":9245333.0,"twentyFifthPercentile":76600.0,"median":123571.0,"seventyFifthPercentile":267134.0},"DistrictSteamUse":{"count":2583.0,"mean":1162744.3999999999,"min":0.0,"max":730978743.7999999523,"twentyFifthPercentile":0.0,"median":0.0,"seventyFifthPercentile":0.0},"DistrictChilledWaterUse":{"count":2572.0,"mean":795815.0,"min":0.0,"max":363190557.8999999762,"twentyFifthPercentile":0.0,"median":0.0,"seventyFifthPercentile":0.0}}