{"GHGIntensity":{"count":2550.0,"mean":7.5,"std":5.5,"min":0.0,"max":114.8,"twentyFifthPercentile":5.0,"median":6.4,"seventyFifthPercentile":8.1},"TotalGHGEmissions":{"count":2550.0,"mean":1911.3,"std":4656.0,"min":0.0,"max":135875.8,"twentyFifthPercentile":484.8,"median":885.6,"seventyFifthPercentile":1858.7},"ElectricityUse":{"count":2568.0,"mean":10097134.5999999996,"std":32988633.0,"min":0.0,"max":1114458041.0,"twentyFifthPercentile":1812598.8,"median":3841368.0,"seventyFifthPercentile":8800273.0},"NaturalGasUse":{"count":2576.0,"mean":11053729.5,"std":21569327.8000000007,"min":0.0,"max":412348801.5,"twentyFifthPercentile":2889947.6000000001,"median":5817987.5999999996,"seventyFifthPercentile":12079671.6999999993},"SourceEUI":{"count":2562.0,"mean":154.9,"std":126.3,"min":5.9,"max":2887.6,"twentyFifthPercentile":103.3,"median":132.5,"seventyFifthPercentile":166.6},"SiteEUI":{"count":2562.0,"mean":89.6,"std":66.3,"min":3.7,"max":1440.9,"twentyFifthPercentile":59.7,"median":78.5,"seventyFifthPercentile":100.8},"DistrictSteamUse":{"count":2584.0,"mean":624651.6,"std":16629709.4000000004,"min":-11882688.3000000007,"max":804899285.5,"twentyFifthPercentile":0.0,"median":0.0,"seventyFifthPercentile":0.0},"DistrictChilledWaterUse":{"count":2584.0,"mean":603681.2,"std":9606625.0999999996,"min":-1344840.0,"max":455641579.1000000238,"twentyFifthPercentile":0.0,"median":0.0,"seventyFifthPercentile":0.0}}